Manufacturer,Weapon Type,ID,Part Type,String,Model Name,"Stats (Level 50, Common)",Effects,Requirements
Daedalus,Assault Rifle,1,Body,DAD_AR.part_body,DAD_AR_Body,"No stat changes, always present",,
Daedalus,Assault Rifle,2,Body Accessory,DAD_AR.part_body_a,DAD_AR_Body_A,-Reload Speed,,
Daedalus,Assault Rifle,3,Body Accessory,DAD_AR.part_body_b,DAD_AR_Body_B,-Reload Speed,,
Daedalus,Assault Rifle,4,Body Accessory,DAD_AR.part_body_c,DAD_AR_Body_C,+Accuracy,,
Daedalus,Assault Rifle,5,Body Accessory,DAD_AR.part_body_d,DAD_AR_Body_D,No Stat Changes,,
Daedalus,Assault Rifle,6,Barrel,DAD_AR.part_barrel_01,DAD_AR_Barrel_01,"Spec-Tec Barrel, 571 Damage, 78% Acc, 6.8/s Fire Rate",,
Daedalus,Assault Rifle,7,Barrel,DAD_AR.part_barrel_02,DAD_AR_Barrel_02,"F.A.N.G. Barrel, 669 Damage, 84% Acc, 5.5/s Fire Rate",,
Daedalus,Assault Rifle,8,Barrel,DAD_AR.part_barrel_unique_om,DAD_AR_Barrel_01,"Oscar Mike Barrel, 509 Damage, 76% Acc, 6.8/s Fire Rate",Tactical Rounds - The first half of your Magazine deals +50% Bonus Damage,
Daedalus,Assault Rifle,9,Barrel Accessory,DAD_AR.part_barrel_01_a,DAD_AR_Barrel_01_A,+Damage,,
Daedalus,Assault Rifle,10,Barrel Accessory,DAD_AR.part_barrel_01_b,DAD_AR_Barrel_01_B,+Crit Damage,,
Daedalus,Assault Rifle,11,Barrel Accessory,DAD_AR.part_barrel_01_c,DAD_AR_Barrel_01_C,+Accuracy,,
Daedalus,Assault Rifle,12,Barrel Accessory,DAD_AR.part_barrel_01_d,DAD_AR_Barrel_01_D,+Accuracy,,
Daedalus,Assault Rifle,13,Barrel Accessory,DAD_AR.part_barrel_02_a,DAD_AR_Barrel_02_A,+Damage,,
Daedalus,Assault Rifle,14,Barrel Accessory,DAD_AR.part_barrel_02_b,DAD_AR_Barrel_02_B,+Accuracy,,
Daedalus,Assault Rifle,15,Barrel Accessory,DAD_AR.part_barrel_02_c,DAD_AR_Barrel_02_C,+Fire Rate,,
Daedalus,Assault Rifle,16,Barrel Accessory,DAD_AR.part_barrel_02_d,DAD_AR_Barrel_02_D,+Fire Rate,,
Daedalus,Assault Rifle,17,Manufacturer Part,DAD_AR.part_barrel_licensed_jak,DAD_AR_TopAcc_01,+Crit Damage,Jakobs Ricochet,
Daedalus,Assault Rifle,18,Manufacturer Part,DAD_AR.part_barrel_licensed_ted,DAD_AR_TopAcc_03 + 03_A,"Tediore Reload, no stat changes",,
Daedalus,Assault Rifle,20,Manufacturer Part,DAD_AR.part_barrel_licensed_ted_shooting,DAD_AR_TopAcc_03 + 03_A,"Tediore Shooting, no stat changes",,
Daedalus,Assault Rifle,21,Manufacturer Part,DAD_AR.part_barrel_licensed_ted_mirv,DAD_AR_TopAcc_03 + 03_B,"Tediore MIRV, no stat changes",,
Daedalus,Assault Rifle,22,Manufacturer Part,DAD_AR.part_barrel_licensed_ted_combo,DAD_AR_TopAcc_03 + 03_C,"Tediore Combo, no stat changes",,
Daedalus,Assault Rifle,23,Manufacturer Part,DAD_AR.part_barrel_licensed_hyp,DAD_AR_TopAcc_02,"Hyperion Shield visual accessory, no stat changes",,
Daedalus,Assault Rifle,24,Magazine,DAD_AR.part_mag_01,DAD_AR_Mag_01,"2.1s Reload, 28 shots",,
Daedalus,Assault Rifle,25,Magazine,DAD_AR.part_mag_02,DAD_AR_Mag_02,"2.6s Reload, 36 shots",,
Daedalus,Assault Rifle,26,Magazine,DAD_AR.part_mag_03_tor,DAD_AR_Mag_03,"2.0s Reload, +Damage, -Fire Rate, 20 shots, Torgue Mag",,
Daedalus,Assault Rifle,27,Magazine,DAD_AR.part_mag_04_cov,DAD_AR_Mag_04,"4.3s Reload, +Damage, -Acc, 50 shots to overheat, CoV Mag",,
Daedalus,Assault Rifle,28,Magazine,DAD_AR.part_mag_05_borg,DAD_AR_Mag_05,"3.0s Reload, +Damage, +Acc, +Fire Rate, 44 shots, Ripper Mag",,
Daedalus,Assault Rifle,29,Manufacturer Part,DAD_AR.part_mag_torgue_normal,No visual,Torgue Impact Gyrojets,,
Daedalus,Assault Rifle,30,Stat Modifier,DAD_AR.part_mag_ted_thrown_01,No visual,2.0s Reload,,
Daedalus,Assault Rifle,31,Stat Modifier,DAD_AR.part_mag_ted_thrown_02,No visual,2.0s Reload,,
Daedalus,Assault Rifle,32,Manufacturer Part,DAD_AR.part_mag_torgue_sticky,No visual,Torgue Sticky Gyrojets,,
Daedalus,Assault Rifle,33,Stat Modifier,DAD_AR.part_mag_ted_thrown_03_tor,No visual,2.0s Reload,,
Daedalus,Assault Rifle,34,Stat Modifier,DAD_AR.part_mag_ted_thrown_04_cov,No visual,3.0s Reload,,
Daedalus,Assault Rifle,35,Stat Modifier,DAD_AR.part_mag_ted_thrown_05_bor,No visual,3.0s Reload,,
Daedalus,Assault Rifle,36,Body,DAD_AR.part_body_bolt,DAD_AR_Body_Bolt,"No stat changes, always present",,
Daedalus,Assault Rifle,37,Scope,DAD_AR.part_scope_02_lens_02,DAD_AR_Scope_02 + 02_L2,ADS ++++Zoom,,
Daedalus,Assault Rifle,38,Scope,DAD_AR.part_scope_02_lens_01,DAD_AR_Scope_02 + 02_L1,ADS +++Zoom,,
Daedalus,Assault Rifle,39,Scope,DAD_AR.part_scope_01_lens_02,DAD_AR_Scope_01 + 01_L2,ADS ++Zoom,,
Daedalus,Assault Rifle,40,Scope,DAD_AR.part_scope_01_lens_01,DAD_AR_Scope_01 + 01_L1,ADS +Zoom,,
Daedalus,Assault Rifle,41,Scope,DAD_AR.part_scope_ironsight,DAD_AR_Scope_Iron,ADS,,
Daedalus,Assault Rifle,42,Scope Accessory,DAD_AR.part_scope_acc_s01_l01_a,DAD_AR_Scope_01_A,+Fire Rate,"Extra borders, Mag Counter",
Daedalus,Assault Rifle,43,Scope Accessory,DAD_AR.part_scope_acc_s01_l01_b,DAD_AR_Scope_01_B,+Damage,Extra borders,
Daedalus,Assault Rifle,44,Scope Accessory,DAD_AR.part_scope_acc_s01_l02_a,DAD_AR_Scope_01_A,+Fire Rate,"Extra central visual, Mag Counter",
Daedalus,Assault Rifle,45,Scope Accessory,DAD_AR.part_scope_acc_s01_l02_b,DAD_AR_Scope_01_B,+Damage,Blue and green lines on right of crosshair,
Daedalus,Assault Rifle,46,Scope Accessory,DAD_AR.part_scope_acc_s02_l01_a,DAD_AR_Scope_02_A,No Stat Changes,"Radar, Damage type indicator, Extra borders",
Daedalus,Assault Rifle,47,Scope Accessory,DAD_AR.part_scope_acc_s02_l01_b,DAD_AR_Scope_02_B,+Crit Damage,Extra red visuals on scope,
Daedalus,Assault Rifle,48,Scope Accessory,DAD_AR.part_scope_acc_s02_l02_a,DAD_AR_Scope_02_A,No Stat Changes,"Extra borders, Damage type indicator",
Daedalus,Assault Rifle,49,Scope Accessory,DAD_AR.part_scope_acc_s02_l02_b,DAD_AR_Scope_02_B,+Crit Damage,Extra borders,
Daedalus,Assault Rifle,50,Grip,DAD_AR.part_grip_05c_ted_jav,DAD_AR_Grip_05 + 05_C,"Tediore reload modifier: Javelin, no stat changes",,
Daedalus,Assault Rifle,51,Grip,DAD_AR.part_grip_05a_ted_legs,DAD_AR_Grip_05 + 05_A,"Tediore reload modifier: Legs, no stat changes",,
Daedalus,Assault Rifle,52,Grip,DAD_AR.part_grip_05b_ted_homing,DAD_AR_Grip_05 + 05_B,"Tediore reload modifier: Homing, no stat changes",,
Daedalus,Assault Rifle,53,Grip,DAD_AR.part_grip_01,DAD_AR_Grip_01,+Damage,,
Daedalus,Assault Rifle,54,Grip,DAD_AR.part_grip_02,DAD_AR_Grip_02,+Fire Rate,,
Daedalus,Assault Rifle,55,Grip,DAD_AR.part_grip_03,DAD_AR_Grip_03,-Reload Speed,,
Daedalus,Assault Rifle,56,Grip,DAD_AR.part_grip_04_hyp,DAD_AR_Grip_04,"Hyperion Grip, -Acc, Acc increases with continuous fire",,
Daedalus,Assault Rifle,57,Barrel,DAD_AR.part_barrel_02_lumberjack,DAD_AR_Barrel_02,"Bloody Lumberjack, 1227 Damage, 82% Acc, 4.0/s FR, 2 Shot",Timber - Fires saw-blades that penetrate enemies and ricochet off surfaces; successful hits apply a bleed status effect with a 3 second tick interval.,
Daedalus,Assault Rifle,58,Underbarrel,DAD_AR.part_underbarrel_04_atlas_ball,DAD_AR_UnderBarrel_04,Atlas Tracker Grenades,,
Daedalus,Assault Rifle,59,Underbarrel,DAD_AR.part_underbarrel_04_atlas,DAD_AR_UnderBarrel_04,Atlas Tracker Darts,,
Daedalus,Assault Rifle,60,Underbarrel,DAD_AR.part_underbarrel_06_malswitch,DAD_AR_UnderBarrel_06,"Underbarrel switch, no effects",Used for Maliwan elemental switch,
Daedalus,Assault Rifle,61,Underbarrel,DAD_AR.part_underbarrel_02_shotgun,DAD_AR_UnderBarrel_02,Alt Fire - Shotgun,,
Daedalus,Assault Rifle,62,Underbarrel,DAD_AR.part_underbarrel_03_microrocket,DAD_AR_UnderBarrel_03,Alt Fire - Micro-Rocket POD,,
Daedalus,Assault Rifle,63,Underbarrel,DAD_AR.part_underbarrel_01_grenade,DAD_AR_UnderBarrel_01,Alt Fire - Grenade Launcher,,
Daedalus,Assault Rifle,64,Foregrip,DAD_AR.part_foregrip_01,DAD_AR_Foregrip_01,+Damage,,
Daedalus,Assault Rifle,65,Foregrip,DAD_AR.part_foregrip_02,DAD_AR_Foregrip_02,+Fire Rate,,
Daedalus,Assault Rifle,66,Foregrip,DAD_AR.part_foregrip_03,DAD_AR_Foregrip_03,+Accuracy,,
Daedalus,Assault Rifle,67,Underbarrel,DAD_AR.part_underbarrel_01_grenade_om,DAD_AR_UnderBarrel_01,Fragcendiary Grenades,Alt-Fire Launches Grenades that deal Incindeary Damage and spawn a Fire Hazard,
Daedalus,Assault Rifle,68,Manufacturer Part,DAD_AR.part_body_mag_ps,No visual,Daedalus Pistol Ammo,,
Daedalus,Assault Rifle,69,Manufacturer Part,DAD_AR.part_body_mag_smg,No visual,Daedalus SMG Ammo,,
Daedalus,Assault Rifle,70,Manufacturer Part,DAD_AR.part_body_mag_sg,No visual,Daedalus Shotgun Ammo,,
Daedalus,Assault Rifle,71,Manufacturer Part,DAD_AR.part_body_mag_sr,No visual,Daedalus SR Ammo,,
Daedalus,Assault Rifle,75,Underbarrel,DAD_AR.part_underbarrel_om_spacelaser,DAD_AR_UnderBarrel_01,Space Laser,Alt-Fire Calls down a Space Laser,
Daedalus,Assault Rifle,76,Underbarrel,DAD_AR.part_underbarrel_06_star_helix,DAD_AR_UnderBarrel_06,Star Helix Underbarrel,Vertical mode for Constellation,
Daedalus,Assault Rifle,77,Barrel,DAD_AR.part_barrel_02_star_helix,DAD_AR_Barrel_02,"Star Helix Barrel, 669 x 3 Damage, 78% Acc, 4.7/s Fire Rate",Constellation - Projectiles can be fired vertically or horizontally,"Requires Star Helix underbarrel, part 76"
Daedalus,Assault Rifle,78,Manufacturer Part,DAD_AR.part_shield_default,No visual,Hyperion Shield,,
Daedalus,Assault Rifle,79,Manufacturer Part,DAD_AR.part_shield_ricochet,No visual,Hyperion Ricochet Shield,,
Daedalus,Assault Rifle,80,Manufacturer Part,DAD_AR.part_shield_ammo,No visual,Hyperion Absorb Shield,,
Daedalus,Assault Rifle,81,Manufacturer Part,DAD_AR.part_shield_amp,No visual,Hyperion Amp Shield,,
Daedalus,Pistol,1,Barrel,DAD_PS.part_barrel_01_zipgun,,,,
Daedalus,Pistol,2,Body,DAD_PS.part_body,,"No stat changes, always present",,
Daedalus,Pistol,3,Body Accessory,DAD_PS.part_body_a,,,,
Daedalus,Pistol,4,Body Accessory,DAD_PS.part_body_b,,,,
Daedalus,Pistol,5,Body Accessory,DAD_PS.part_body_c,,,,
Daedalus,Pistol,6,Body Accessory,DAD_PS.part_body_d,,,,
Daedalus,Pistol,7,Barrel,DAD_PS.part_barrel_01,,,,
Daedalus,Pistol,8,Barrel,DAD_PS.part_barrel_02,,,,
Daedalus,Pistol,9,Manufacturer Part,DAD_PS.part_shield_default,,Hyperion Shield,,
Daedalus,Pistol,10,Manufacturer Part,DAD_PS.part_shield_ricochet,,Hyperion Ricochet Shield,,
Daedalus,Pistol,11,Manufacturer Part,DAD_PS.part_shield_ammo,,Hyperion Absorb Shield,,
Daedalus,Pistol,12,Manufacturer Part,DAD_PS.part_shield_amp,,Hyperion Amp Shield,,
Daedalus,Pistol,13,Magazine,DAD_PS.part_mag_01,,,,
Daedalus,Pistol,14,Magazine,DAD_PS.part_mag_02,,,,
Daedalus,Pistol,15,Magazine,DAD_PS.part_mag_03_tor,,,,
Daedalus,Pistol,16,Magazine,DAD_PS.part_mag_04_cov,,,,
Daedalus,Pistol,17,Magazine,DAD_PS.part_mag_05_borg,,,,
Daedalus,Pistol,18,Manufacturer Part,DAD_PS.part_mag_torgue_normal,,Torgue Impact Gyrojets,,
Daedalus,Pistol,19,Manufacturer Part,DAD_PS.part_mag_torgue_sticky,,Torgue Sticky Gyrojets,,
Daedalus,Pistol,20,Stat Modifier,DAD_PS.part_mag_ted_thrown_01,,,,
Daedalus,Pistol,21,Stat Modifier,DAD_PS.part_mag_ted_thrown_02,,,,
Daedalus,Pistol,22,Stat Modifier,DAD_PS.part_mag_ted_thrown_03_tor,,,,
Daedalus,Pistol,23,Stat Modifier,DAD_PS.part_mag_ted_thrown_04_cov,,,,
Daedalus,Pistol,24,Stat Modifier,DAD_PS.part_mag_ted_thrown_05_bor,,,,
Daedalus,Pistol,25,Scope,DAD_PS.part_scope_ironsight,,,,
Daedalus,Pistol,26,Scope,DAD_PS.part_scope_01_lens_01,,,,
Daedalus,Pistol,27,Scope,DAD_PS.part_scope_01_lens_02,,,,
Daedalus,Pistol,28,Scope,DAD_PS.part_scope_02_lens_01,,,,
Daedalus,Pistol,29,Scope,DAD_PS.part_scope_02_lens_02,,,,
Daedalus,Pistol,30,Scope Accessory,DAD_PS.part_scope_acc_s01_l01_a,,,,
Daedalus,Pistol,31,Scope Accessory,DAD_PS.part_scope_acc_s01_l01_b,,,,
Daedalus,Pistol,32,Scope Accessory,DAD_PS.part_scope_acc_s02_l01_a,,,,
Daedalus,Pistol,33,Scope Accessory,DAD_PS.part_scope_acc_s02_l01_b,,,,
Daedalus,Pistol,34,Scope Accessory,DAD_PS.part_scope_acc_s01_l02_a,,,,
Daedalus,Pistol,35,Scope Accessory,DAD_PS.part_scope_acc_s01_l02_b,,,,
Daedalus,Pistol,36,Scope Accessory,DAD_PS.part_scope_acc_s02_l02_a,,,,
Daedalus,Pistol,37,Scope Accessory,DAD_PS.part_scope_acc_s02_l02_b,,,,
Daedalus,Pistol,38,Grip,DAD_PS.part_grip_05c_ted_jav,,"Tediore reload modifier: Javelin, no stat changes",,
Daedalus,Pistol,39,Grip,DAD_PS.part_grip_05a_ted_legs,,"Tediore reload modifier: Legs, no stat changes",,
Daedalus,Pistol,40,Grip,DAD_PS.part_grip_05b_ted_homing,,"Tediore reload modifier: Homing, no stat changes",,
Daedalus,Pistol,41,Grip,DAD_PS.part_grip_04_hyp,,"Hyperion Grip, -Acc, Acc increases with continuous fire",,
Daedalus,Pistol,42,Grip,DAD_PS.part_grip_01,,,,
Daedalus,Pistol,43,Grip,DAD_PS.part_grip_02,,,,
Daedalus,Pistol,44,Grip,DAD_PS.part_grip_03,,,,
Daedalus,Pistol,45,Underbarrel,DAD_PS.part_underbarrel_06_malswitch,,"Underbarrel switch, no effects",Used for Maliwan elemental switch,
Daedalus,Pistol,46,Underbarrel,DAD_PS.part_underbarrel_04_atlas_ball,,Atlas Tracker Grenades,,
Daedalus,Pistol,47,Underbarrel,DAD_PS.part_underbarrel_02_knifelauncher,,,,
Daedalus,Pistol,48,Underbarrel,DAD_PS.part_underbarrel_01_taser,,,,
Daedalus,Pistol,49,Foregrip,DAD_PS.part_foregrip_02,,,,
Daedalus,Pistol,50,Foregrip,DAD_PS.part_foregrip_03,,,,
Daedalus,Pistol,51,Manufacturer Part,DAD_PS.part_body_mag_smg,,Daedalus SMG Ammo,,
Daedalus,Pistol,52,Manufacturer Part,DAD_PS.part_body_mag_ar,,Daedalus AR Ammo,,
Daedalus,Pistol,53,Manufacturer Part,DAD_PS.part_body_mag_sr,,Daedalus SR Ammo,,
Daedalus,Pistol,57,Stat Modifier,DAD_PS.part_mag_05_borg_barrel_02,,,,
Daedalus,Pistol,58,Stat Modifier,DAD_PS.part_mag_05_borg_barrel_01,,,,
Daedalus,Pistol,60,Barrel Accessory,DAD_PS.part_barrel_01_a,,,,
Daedalus,Pistol,61,Barrel Accessory,DAD_PS.part_barrel_01_b,,,,
Daedalus,Pistol,62,Barrel Accessory,DAD_PS.part_barrel_01_c,,,,
Daedalus,Pistol,63,Barrel Accessory,DAD_PS.part_barrel_01_d,,,,
Daedalus,Pistol,64,Barrel Accessory,DAD_PS.part_barrel_02_a,,,,
Daedalus,Pistol,65,Barrel Accessory,DAD_PS.part_barrel_02_b,,,,
Daedalus,Pistol,66,Barrel Accessory,DAD_PS.part_barrel_02_c,,,,
Daedalus,Pistol,67,Barrel Accessory,DAD_PS.part_barrel_02_d,,,,
Daedalus,Pistol,68,Manufacturer Part,DAD_PS.part_barrel_licensed_jak,,,,
Daedalus,Pistol,69,Manufacturer Part,DAD_PS.part_barrel_licensed_ted,,"Tediore Reload, no stat changes",,
Daedalus,Pistol,70,Manufacturer Part,DAD_PS.part_barrel_licensed_ted_shooting,,"Tediore Shooting, no stat changes",,
Daedalus,Pistol,71,Manufacturer Part,DAD_PS.part_barrel_licensed_ted_mirv,,"Tediore MIRV, no stat changes",,
Daedalus,Pistol,72,Manufacturer Part,DAD_PS.part_barrel_licensed_ted_combo,,"Tediore Combo, no stat changes",,
Daedalus,Pistol,73,Manufacturer Part,DAD_PS.part_barrel_licensed_hyp,,"Hyperion Shield visual accessory, no stat changes",,
Daedalus,Pistol,74,Underbarrel,DAD_PS.part_underbarrel_04_atlas,,Atlas Tracker Darts,,
Daedalus,Pistol,75,Underbarrel,DAD_PS.part_underbarrel_03_semtex,,,,
Daedalus,Pistol,76,Foregrip,DAD_PS.part_foregrip_01,,,,
Daedalus,Pistol,77,Manufacturer Part,DAD_PS.part_body_mag_sg,,Daedalus Shotgun Ammo,,
Daedalus,Pistol,78,Barrel,DAD_PS.part_barrel_02_rangefinder,,,,
Daedalus,Shotgun,2,Body,DAD_SG.part_body,,"No stat changes, always present",,
Daedalus,Shotgun,3,Body Accessory,DAD_SG.part_body_a,,,,
Daedalus,Shotgun,4,Body Accessory,DAD_SG.part_body_b,,,,
Daedalus,Shotgun,5,Body Accessory,DAD_SG.part_body_c,,,,
Daedalus,Shotgun,6,Body Accessory,DAD_SG.part_body_d,,,,
Daedalus,Shotgun,7,Barrel,DAD_SG.part_barrel_01,,,,
Daedalus,Shotgun,8,Barrel,DAD_SG.part_barrel_02,,,,
Daedalus,Shotgun,9,Manufacturer Part,DAD_SG.part_shield_default,,Hyperion Shield,,
Daedalus,Shotgun,10,Manufacturer Part,DAD_SG.part_shield_ricochet,,Hyperion Ricochet Shield,,
Daedalus,Shotgun,11,Manufacturer Part,DAD_SG.part_shield_ammo,,Hyperion Absorb Shield,,
Daedalus,Shotgun,12,Manufacturer Part,DAD_SG.part_shield_amp,,Hyperion Amp Shield,,
Daedalus,Shotgun,13,Magazine,DAD_SG.part_mag_05_borg,,,,
Daedalus,Shotgun,14,Magazine,DAD_SG.part_mag_04_cov,,,,
Daedalus,Shotgun,15,Magazine,DAD_SG.part_mag_03_tor,,,,
Daedalus,Shotgun,16,Magazine,DAD_SG.part_mag_01,,,,
Daedalus,Shotgun,17,Magazine,DAD_SG.part_mag_02,,,,
Daedalus,Shotgun,18,Stat Modifier,DAD_SG.part_mag_ted_thrown_01,,,,
Daedalus,Shotgun,19,Stat Modifier,DAD_SG.part_mag_ted_thrown_02,,,,
Daedalus,Shotgun,20,Stat Modifier,DAD_SG.part_mag_ted_thrown_03_tor,,,,
Daedalus,Shotgun,21,Stat Modifier,DAD_SG.part_mag_ted_thrown_04_cov,,,,
Daedalus,Shotgun,22,Stat Modifier,DAD_SG.part_mag_ted_thrown_05_bor,,,,
Daedalus,Shotgun,23,Scope,DAD_SG.part_scope_ironsight,,,,
Daedalus,Shotgun,24,Scope,DAD_SG.part_scope_01_lens_01,,,,
Daedalus,Shotgun,25,Scope,DAD_SG.part_scope_01_lens_02,,,,
Daedalus,Shotgun,26,Scope,DAD_SG.part_scope_02_lens_01,,,,
Daedalus,Shotgun,27,Scope,DAD_SG.part_scope_02_lens_02,,,,
Daedalus,Shotgun,28,Scope Accessory,DAD_SG.part_scope_acc_s01_l01_a,,,,
Daedalus,Shotgun,29,Scope Accessory,DAD_SG.part_scope_acc_s01_l01_b,,,,
Daedalus,Shotgun,30,Scope Accessory,DAD_SG.part_scope_acc_s02_l01_a,,,,
Daedalus,Shotgun,31,Scope Accessory,DAD_SG.part_scope_acc_s02_l01_b,,,,
Daedalus,Shotgun,32,Scope Accessory,DAD_SG.part_scope_acc_s01_l02_a,,,,
Daedalus,Shotgun,33,Scope Accessory,DAD_SG.part_scope_acc_s01_l02_b,,,,
Daedalus,Shotgun,34,Scope Accessory,DAD_SG.part_scope_acc_s02_l02_a,,,,
Daedalus,Shotgun,35,Scope Accessory,DAD_SG.part_scope_acc_s02_l02_b,,,,
Daedalus,Shotgun,36,Grip,DAD_SG.part_grip_05a_ted_legs,,"Tediore reload modifier: Legs, no stat changes",,
Daedalus,Shotgun,37,Grip,DAD_SG.part_grip_05c_ted_jav,,"Tediore reload modifier: Javelin, no stat changes",,
Daedalus,Shotgun,38,Grip,DAD_SG.part_grip_05b_ted_homing,,"Tediore reload modifier: Homing, no stat changes",,
Daedalus,Shotgun,39,Grip,DAD_SG.part_grip_01,,,,
Daedalus,Shotgun,40,Grip,DAD_SG.part_grip_02,,,,
Daedalus,Shotgun,41,Grip,DAD_SG.part_grip_03,,,,
Daedalus,Shotgun,42,Grip,DAD_SG.part_grip_04_hyp,,"Hyperion Grip, -Acc, Acc increases with continuous fire",,
Daedalus,Shotgun,43,Underbarrel,DAD_SG.part_underbarrel_02_singularity,,,,
Daedalus,Shotgun,44,Underbarrel,DAD_SG.part_underbarrel_06_malswitch,,"Underbarrel switch, no effects",Used for Maliwan elemental switch,
Daedalus,Shotgun,45,Underbarrel,DAD_SG.part_underbarrel_01_microrocket,,,,
Daedalus,Shotgun,46,Underbarrel,DAD_SG.part_underbarrel_04_atlas,,Atlas Tracker Darts,,
Daedalus,Shotgun,47,Foregrip,DAD_SG.part_foregrip_01,,,,
Daedalus,Shotgun,48,Foregrip,DAD_SG.part_foregrip_03,,,,
Daedalus,Shotgun,49,Foregrip,DAD_SG.part_foregrip_02,,,,
Daedalus,Shotgun,50,Underbarrel,DAD_SG.part_underbarrel_03_mine,,,,
Daedalus,Shotgun,51,Underbarrel,DAD_SG.part_underbarrel_04_atlas_ball,,Atlas Tracker Grenades,,
Daedalus,Shotgun,52,Barrel,DAD_SG.part_barrel_01_bod,,,,
Daedalus,Shotgun,54,Barrel,DAD_SG.part_barrel_heartgun,,,,
Daedalus,Shotgun,61,Barrel Accessory,DAD_SG.part_barrel_01_a,,,,
Daedalus,Shotgun,62,Barrel Accessory,DAD_SG.part_barrel_01_b,,,,
Daedalus,Shotgun,63,Barrel Accessory,DAD_SG.part_barrel_01_c,,,,
Daedalus,Shotgun,64,Barrel Accessory,DAD_SG.part_barrel_01_d,,,,
Daedalus,Shotgun,65,Barrel Accessory,DAD_SG.part_barrel_02_a,,,,
Daedalus,Shotgun,66,Barrel Accessory,DAD_SG.part_barrel_02_b,,,,
Daedalus,Shotgun,67,Barrel Accessory,DAD_SG.part_barrel_02_c,,,,
Daedalus,Shotgun,68,Barrel Accessory,DAD_SG.part_barrel_02_d,,,,
Daedalus,Shotgun,69,Manufacturer Part,DAD_SG.part_barrel_licensed_jak,,,,
Daedalus,Shotgun,70,Manufacturer Part,DAD_SG.part_barrel_licensed_ted,,"Tediore Reload, no stat changes",,
Daedalus,Shotgun,71,Manufacturer Part,DAD_SG.part_barrel_licensed_ted_shooting,,"Tediore Shooting, no stat changes",,
Daedalus,Shotgun,72,Manufacturer Part,DAD_SG.part_barrel_licensed_ted_mirv,,"Tediore MIRV, no stat changes",,
Daedalus,Shotgun,73,Manufacturer Part,DAD_SG.part_barrel_licensed_ted_combo,,"Tediore Combo, no stat changes",,
Daedalus,Shotgun,74,Manufacturer Part,DAD_SG.part_barrel_licensed_hyp,,"Hyperion Shield visual accessory, no stat changes",,
Daedalus,Shotgun,75,Manufacturer Part,DAD_SG.part_mag_torgue_normal,,Torgue Impact Gyrojets,,
Daedalus,Shotgun,76,Manufacturer Part,DAD_SG.part_mag_torgue_sticky,,Torgue Sticky Gyrojets,,
Daedalus,Shotgun,77,Manufacturer Part,DAD_SG.part_body_mag_ps,,Daedalus Pistol Ammo,,
Daedalus,Shotgun,78,Manufacturer Part,DAD_SG.part_body_mag_smg,,Daedalus SMG Ammo,,
Daedalus,Shotgun,79,Manufacturer Part,DAD_SG.part_body_mag_ar,,Daedalus AR Ammo,,
Daedalus,Shotgun,80,Manufacturer Part,DAD_SG.part_body_mag_sr,,Daedalus SR Ammo,,
Daedalus,SMG,3,Body Accessory,DAD_SM.part_body_a,,-Reload Speed,,
Daedalus,SMG,4,Body Accessory,DAD_SM.part_body_b,,-Reload Speed,,
Daedalus,SMG,5,Body Accessory,DAD_SM.part_body_c,,+Accuracy,,
Daedalus,SMG,6,Body Accessory,DAD_SM.part_body_d,,No Stat Changes,,
Daedalus,SMG,7,Barrel,DAD_SM.part_barrel_01,,"GCX, 658 Damage, 73% Acc, 6.7/s FR",,
Daedalus,SMG,8,Barrel,DAD_SM.part_barrel_02,,"Painter, 714 Damage, 74% Acc, 6.0/s FR",,
Daedalus,SMG,9,Manufacturer Part,DAD_SM.part_shield_default,,Hyperion Shield,,
Daedalus,SMG,10,Manufacturer Part,DAD_SM.part_shield_ricochet,,Hyperion Ricochet Shield,,
Daedalus,SMG,11,Manufacturer Part,DAD_SM.part_shield_ammo,,Hyperion Absorb Shield,,
Daedalus,SMG,12,Manufacturer Part,DAD_SM.part_shield_amp,,Hyperion Amp Shield,,
Daedalus,SMG,13,Magazine,DAD_SM.part_mag_01,,"2.3s Reload, 22 Shots",,
Daedalus,SMG,14,Magazine,DAD_SM.part_mag_02,,"2.6s Reload, 28 Shots",,
Daedalus,SMG,15,Magazine,DAD_SM.part_mag_03_tor,,"2.8s Reload, 18 Shots",,
Daedalus,SMG,16,Magazine,DAD_SM.part_mag_04_cov,,"4.0s Reload, 34 Shots",CoV Mag,
Daedalus,SMG,17,Magazine,DAD_SM.part_mag_05_borg,,"2.1s Reload, 32 Shots",Ripper Mag,
Daedalus,SMG,18,Manufacturer Part,DAD_SM.part_mag_torgue_normal,,Torgue Impact Gyrojets,,
Daedalus,SMG,19,Manufacturer Part,DAD_SM.part_mag_torgue_sticky,,Torgue Sticky Gyrojets,,
Daedalus,SMG,20,Stat Modifier,DAD_SM.part_mag_ted_thrown_01,,1.6s Reload,,
Daedalus,SMG,21,Stat Modifier,DAD_SM.part_mag_ted_thrown_02,,1.6s Reload,,
Daedalus,SMG,22,Stat Modifier,DAD_SM.part_mag_ted_thrown_03_tor,,1.6s Reload,,
Daedalus,SMG,23,Stat Modifier,DAD_SM.part_mag_ted_thrown_04_cov,,3.0s Reload,,
Daedalus,SMG,24,Stat Modifier,DAD_SM.part_mag_ted_thrown_05_bor,,3.0s Reload,,
Daedalus,SMG,25,Scope,DAD_SM.part_scope_02_lens_02,,ADS ++Zoom,Mag Gauge,
Daedalus,SMG,26,Scope,DAD_SM.part_scope_02_lens_01,,ADS ++Zoom,,
Daedalus,SMG,27,Scope,DAD_SM.part_scope_01_lens_02,,ADS +Zoom,,
Daedalus,SMG,28,Scope,DAD_SM.part_scope_01_lens_01,,ADS +Zoom,,
Daedalus,SMG,29,Scope,DAD_SM.part_scope_ironsight,,ADS,,
Daedalus,SMG,30,Scope Accessory,DAD_SM.part_scope_acc_s02_lb_b,,+Damage,,
Daedalus,SMG,31,Scope Accessory,DAD_SM.part_scope_acc_s02_lb_a,,+Damage,"Makes the lens black, can't see through it",
Daedalus,SMG,32,Scope Accessory,DAD_SM.part_scope_acc_s01_l01_a,,+Damage,,
Daedalus,SMG,33,Scope Accessory,DAD_SM.part_scope_acc_s01_l01_b,,-Reload Speed,,
Daedalus,SMG,34,Scope Accessory,DAD_SM.part_scope_acc_s01_l02_a,,+Damage,,
Daedalus,SMG,35,Scope Accessory,DAD_SM.part_scope_acc_s01_l02_b,,-Reload Speed,,
Daedalus,SMG,36,Scope Accessory,DAD_SM.part_scope_acc_s02_l01_a,,No Stat Changes,Mag Gauge,
Daedalus,SMG,37,Scope Accessory,DAD_SM.part_scope_acc_s02_l01_b,,+Crit Damage,Mag Gauge,
Daedalus,SMG,38,Scope Accessory,DAD_SM.part_scope_acc_s02_l02_a,,No Stat Changes,,
Daedalus,SMG,39,Scope Accessory,DAD_SM.part_scope_acc_s02_l02_b,,+Crit Damage,,
Daedalus,SMG,40,Grip,DAD_SM.part_grip_05a_ted_legs,,"Tediore reload modifier: Legs, no stat changes",,
Daedalus,SMG,41,Grip,DAD_SM.part_grip_05c_ted_jav,,"Tediore reload modifier: Javelin, no stat changes",,
Daedalus,SMG,42,Grip,DAD_SM.part_grip_05b_ted_homing,,"Tediore reload modifier: Homing, no stat changes",,
Daedalus,SMG,43,Grip,DAD_SM.part_grip_04_hyp,,"Hyperion Grip, -Acc, Acc increases with continuous fire",,
Daedalus,SMG,44,Grip,DAD_SM.part_grip_01,,+Damage,,
Daedalus,SMG,45,Grip,DAD_SM.part_grip_02,,+Fire Rate,,
Daedalus,SMG,46,Grip,DAD_SM.part_grip_03,,-Reload Speed,,
Daedalus,SMG,47,Underbarrel,DAD_SM.part_underbarrel_06_malswitch,,"Underbarrel switch, no effects",Used for Maliwan elemental switch,
Daedalus,SMG,48,Underbarrel,DAD_SM.part_underbarrel_02_shotgun,,Alt Fire - Shotgun,,
Daedalus,SMG,49,Underbarrel,DAD_SM.part_underbarrel_03_overcharge,,Alt Fire - Overcharge,Increases Burst Count to 6 and Fire Rate to 11,
Daedalus,SMG,50,Underbarrel,DAD_SM.part_underbarrel_04_atlas,,Atlas Tracker Darts,,
Daedalus,SMG,51,Foregrip,DAD_SM.part_foregrip_02,,+Fire Rate,,
Daedalus,SMG,52,Foregrip,DAD_SM.part_foregrip_01,,+Damage,,
Daedalus,SMG,53,Foregrip,DAD_SM.part_foregrip_03,,+Accuracy,,
Daedalus,SMG,54,Underbarrel,DAD_SM.part_underbarrel_04_atlas_ball,,Atlas Tracker Grenades,,
Daedalus,SMG,55,Manufacturer Part,DAD_SM.part_body_mag_ps,,Daedalus Pistol Ammo,,
Daedalus,SMG,56,Manufacturer Part,DAD_SM.part_body_mag_ar,,Daedalus AR Ammo,,
Daedalus,SMG,57,Manufacturer Part,DAD_SM.part_body_mag_sr,,Daedalus SR Ammo,,
Daedalus,SMG,58,Manufacturer Part,DAD_SM.part_body_mag_sg,,Daedalus Shotgun Ammo,,
Daedalus,SMG,60,Barrel,DAD_SM.part_barrel_01_luty,,"Luty Madlad, 446 Damage, 78% Acc, 22.0/s FR","Homemade Ingenuity - Overheats quickly, but also Cools down quickly",
Daedalus,SMG,62,Body,DAD_SM.part_body,,"No stat changes, always present",,
Daedalus,SMG,64,Barrel,DAD_SM.part_barrel_01_bloodstarved,,"Darkbeast, 658 x 2 Damage, 71% Acc, 6.7/s FR, 2 Shot","Parley - Bullets pierce enemies, and have a 5% Chance when hitting an enemy to cause an explosion that deals XXX Damage",
Daedalus,SMG,66,Stat Modifier,DAD_SM.part_mag_borg_barrel_02,,3.3s Reload,,
Daedalus,SMG,67,Stat Modifier,DAD_SM.part_mag_borg_barrel_01,,3.3s Reload,,
Daedalus,SMG,69,Barrel,DAD_SM.part_barrel_01_loarmaster,,"Daedalus SMG, 658x6 Damage, 71% Acc, 6.7/s FR, 2 Shot",,
Daedalus,SMG,79,Underbarrel,DAD_SM.part_underbarrel_01_stungrenade,,Alt Fire - Grenade Launcher,,
Daedalus,SMG,80,Barrel Accessory,DAD_SM.part_barrel_01_a,,+Damage,,
Daedalus,SMG,81,Barrel Accessory,DAD_SM.part_barrel_01_b,,+Crit Damage,,
Daedalus,SMG,82,Barrel Accessory,DAD_SM.part_barrel_01_c,,+Accuracy,,
Daedalus,SMG,83,Barrel Accessory,DAD_SM.part_barrel_01_d,,+Accuracy,,
Daedalus,SMG,84,Barrel Accessory,DAD_SM.part_barrel_02_a,,+Damage,,
Daedalus,SMG,85,Barrel Accessory,DAD_SM.part_barrel_02_b,,+Accuracy,,
Daedalus,SMG,86,Barrel Accessory,DAD_SM.part_barrel_02_c,,+Fire Rate,,
Daedalus,SMG,87,Barrel Accessory,DAD_SM.part_barrel_02_d,,+Fire Rate,,
Daedalus,SMG,88,Manufacturer Part,DAD_SM.part_barrel_licensed_jak,,Jakobs Ricochet,,
Daedalus,SMG,89,Manufacturer Part,DAD_SM.part_barrel_licensed_ted,,"Tediore Reload, no stat changes",,
Daedalus,SMG,90,Manufacturer Part,DAD_SM.part_barrel_licensed_ted_shooting,,"Tediore Shooting, no stat changes",,
Daedalus,SMG,91,Manufacturer Part,DAD_SM.part_barrel_licensed_ted_mirv,,"Tediore MIRV, no stat changes",,
Daedalus,SMG,92,Manufacturer Part,DAD_SM.part_barrel_licensed_ted_combo,,"Tediore Combo, no stat changes",,
Daedalus,SMG,93,Manufacturer Part,DAD_SM.part_barrel_licensed_hyp,,"Hyperion Shield visual accessory, no stat changes",,
Jakobs,Assault Rifle,2,Body,JAK_AR.part_body,,"No stat changes, always present",,
Jakobs,Assault Rifle,3,Body Accessory,JAK_AR.part_body_a,,-Reload Speed,,
Jakobs,Assault Rifle,4,Body Accessory,JAK_AR.part_body_b,,+Fire Rate,,
Jakobs,Assault Rifle,5,Body Accessory,JAK_AR.part_body_c,,+Accuracy,,
Jakobs,Assault Rifle,6,Body Accessory,JAK_AR.part_body_d,,+Crit Damage,,
Jakobs,Assault Rifle,7,Barrel,JAK_AR.part_barrel_01,,"Karkadann, 1294 Damage, 77% Acc, 6.5/s FR",,
Jakobs,Assault Rifle,8,Barrel,JAK_AR.part_barrel_02,,"Rougarou, 1517 Damage, 76% Acc, 4.8/s FR",,
Jakobs,Assault Rifle,9,Barrel Accessory,JAK_AR.part_barrel_01_a,,+Damage,,
Jakobs,Assault Rifle,10,Barrel Accessory,JAK_AR.part_barrel_01_b,,+Crit Damage,,
Jakobs,Assault Rifle,11,Barrel Accessory,JAK_AR.part_barrel_01_c,,+Accuracy,,
Jakobs,Assault Rifle,12,Barrel Accessory,JAK_AR.part_barrel_01_d,,+Accuracy,,
Jakobs,Assault Rifle,13,Barrel Accessory,JAK_AR.part_barrel_02_a,,+Damage,,
Jakobs,Assault Rifle,14,Barrel Accessory,JAK_AR.part_barrel_02_b,,+Accuracy,,
Jakobs,Assault Rifle,15,Barrel Accessory,JAK_AR.part_barrel_02_c,,+Fire Rate,,
Jakobs,Assault Rifle,16,Barrel Accessory,JAK_AR.part_barrel_02_d,,+Fire Rate,,
Jakobs,Assault Rifle,17,Manufacturer Part,JAK_AR.part_barrel_licensed_ted,,"Tediore Reload, no stat changes",,
Jakobs,Assault Rifle,18,Manufacturer Part,JAK_AR.part_barrel_licensed_ted_shooting,,"Tediore Shooting, no stat changes",,
Jakobs,Assault Rifle,19,Manufacturer Part,JAK_AR.part_barrel_licensed_ted_combo,,"Tediore Combo, no stat changes",,
Jakobs,Assault Rifle,20,Manufacturer Part,JAK_AR.part_barrel_licensed_ted_mirv,,"Tediore MIRV, no stat changes",,
Jakobs,Assault Rifle,21,Manufacturer Part,JAK_AR.part_barrel_licensed_hyp,,"Hyperion Shield visual accessory, no stat changes",,
Jakobs,Assault Rifle,22,Manufacturer Part,JAK_AR.part_shield_default,,Hyperion Shield,,
Jakobs,Assault Rifle,23,Manufacturer Part,JAK_AR.part_shield_ricochet,,Hyperion Ricochet Shield,,
Jakobs,Assault Rifle,24,Manufacturer Part,JAK_AR.part_shield_amp,,Hyperion Amp Shield,,
Jakobs,Assault Rifle,25,Magazine,JAK_AR.part_mag_01,,"2.5s Reload, 14 Shots",,
Jakobs,Assault Rifle,26,Magazine,JAK_AR.part_mag_02,,"2.7s Reload, 18 Shots",,
Jakobs,Assault Rifle,27,Magazine,JAK_AR.part_mag_03_tor,,"2.6s Reload, 16 Shots",,
Jakobs,Assault Rifle,28,Magazine,JAK_AR.part_mag_04_cov,,"4.0s Reload, 17 Shots",CoV Mag,
Jakobs,Assault Rifle,29,Magazine,JAK_AR.part_mag_05_borg,,"2.0s Reload, 24 Shots",Ripper Mag,
Jakobs,Assault Rifle,30,Manufacturer Part,JAK_AR.part_mag_torgue_normal,,Torgue Impact Gyrojets,,
Jakobs,Assault Rifle,31,Manufacturer Part,JAK_AR.part_mag_torgue_sticky,,Torgue Sticky Gyrojets,,
Jakobs,Assault Rifle,32,Stat Modifier,JAK_AR.part_mag_ted_thrown_01,,2.0s Reload,,
Jakobs,Assault Rifle,33,Stat Modifier,JAK_AR.part_mag_ted_thrown_02,,2.0s Reload,,
Jakobs,Assault Rifle,34,Stat Modifier,JAK_AR.part_mag_ted_thrown_03_tor,,2.0s Reload,,
Jakobs,Assault Rifle,35,Stat Modifier,JAK_AR.part_mag_ted_thrown_04_cov,,3.0s Reload,,
Jakobs,Assault Rifle,36,Stat Modifier,JAK_AR.part_mag_ted_thrown_05_bor,,3.0s Reload,,
Jakobs,Assault Rifle,37,Scope,JAK_AR.part_scope_ironsight,,ADS,,
Jakobs,Assault Rifle,38,Scope,JAK_AR.part_scope_01_lens_01,,ADS +Zoom,,
Jakobs,Assault Rifle,39,Scope,JAK_AR.part_scope_01_lens_02,,ADS +Zoom,,
Jakobs,Assault Rifle,40,Scope,JAK_AR.part_scope_02_lens_01,,ADS ++Zoom,,
Jakobs,Assault Rifle,41,Scope,JAK_AR.part_scope_02_lens_02,,ADS ++Zoom,,
Jakobs,Assault Rifle,42,Scope Accessory,JAK_AR.part_scope_acc_s01_l01_a,,+Damage,,
Jakobs,Assault Rifle,43,Scope Accessory,JAK_AR.part_scope_acc_s01_l01_b,,-Reload Speed,,
Jakobs,Assault Rifle,44,Scope Accessory,JAK_AR.part_scope_acc_s02_l01_a,,No Stat Changes,,
Jakobs,Assault Rifle,45,Scope Accessory,JAK_AR.part_scope_acc_s02_l01_b,,+Crit Damage,Mag Gauge,
Jakobs,Assault Rifle,46,Scope Accessory,JAK_AR.part_scope_acc_s01_l02_a,,+Damage,,
Jakobs,Assault Rifle,47,Scope Accessory,JAK_AR.part_scope_acc_s01_l02_b,,-Reload Speed,Mag Gauge,
Jakobs,Assault Rifle,48,Grip,JAK_AR.part_grip_05a_ted_legs,,"Tediore reload modifier: Legs, no stat changes",,
Jakobs,Assault Rifle,49,Grip,JAK_AR.part_grip_05c_ted_jav,,"Tediore reload modifier: Javelin, no stat changes",,
Jakobs,Assault Rifle,50,Grip,JAK_AR.part_grip_05b_ted_homing,,"Tediore reload modifier: Homing, no stat changes",,
Jakobs,Assault Rifle,51,Grip,JAK_AR.part_grip_04_hyp,,"Hyperion Grip, -Acc, Acc increases with continuous fire",,
Jakobs,Assault Rifle,52,Grip,JAK_AR.part_grip_01,,+Damage,,
Jakobs,Assault Rifle,53,Grip,JAK_AR.part_grip_02,,+Crit Damage,,
Jakobs,Assault Rifle,54,Grip,JAK_AR.part_grip_03,,-Reload Speed,,
Jakobs,Assault Rifle,55,Underbarrel,JAK_AR.part_underbarrel_03_shotgun,,Alt Fire - Shotgun,,
Jakobs,Assault Rifle,56,Underbarrel,JAK_AR.part_underbarrel_01_flintlock,,Alt Fire - Double Flintlocks,Fires twin Musket Barrels that deal XXX x 2 Damage,
Jakobs,Assault Rifle,57,Underbarrel,JAK_AR.part_underbarrel_02_crank,,Alt Fire - Hand Crank,Use a hand crank to fire Full Auto,
Jakobs,Assault Rifle,58,Underbarrel,JAK_AR.part_underbarrel_04_atlas_ball,,Atlas Tracker Grenades,,
Jakobs,Assault Rifle,59,Underbarrel,JAK_AR.part_underbarrel_04_atlas,,Atlas Tracker Darts,,
Jakobs,Assault Rifle,60,Underbarrel,JAK_AR.part_underbarrel_05_ammoswitcher,,"Underbarrel switch, no effects",Used for Daedalus Ammo switch,
Jakobs,Assault Rifle,61,Foregrip,JAK_AR.part_foregrip_01,,+Damage,,
Jakobs,Assault Rifle,62,Foregrip,JAK_AR.part_foregrip_02,,+Fire Rate,,
Jakobs,Assault Rifle,63,Foregrip,JAK_AR.part_foregrip_03,,+Accuracy,,
Jakobs,Assault Rifle,64,Manufacturer Part,JAK_AR.part_secondary_ammo_smg,,Daedalus SMG Ammo,,
Jakobs,Assault Rifle,65,Manufacturer Part,JAK_AR.part_secondary_ammo_sg,,Daedalus Shotgun Ammo,,
Jakobs,Assault Rifle,66,Manufacturer Part,JAK_AR.part_secondary_ammo_sr,,Daedalus SR Ammo,,
Jakobs,Assault Rifle,67,Manufacturer Part,JAK_AR.part_secondary_ammo_ps,,Daedalus Pistol Ammo,,
Jakobs,Assault Rifle,68,Scope Accessory,JAK_AR.part_scope_acc_s02_l02_a,,No Stat Changes,,
Jakobs,Assault Rifle,69,Scope Accessory,JAK_AR.part_scope_acc_s02_l02_b,,+Crit Damage,Mag Gauge,
Jakobs,Assault Rifle,71,Scope,JAK_AR.part_scope_02_lens_02_b02,,,,
Jakobs,Assault Rifle,73,Barrel,JAK_AR.part_barrel_01_bonnieclyde,,"Bonnie and Clyde, 2249 Damage, 76% Acc, 6.3/s FR","Pair of Thieves - on kill, grants +150% Damage for the Gun's other Mode and refills its Magazine",
Jakobs,Assault Rifle,75,Barrel,JAK_AR.part_barrel_02_rowan,,"Rowan's Charge, 1517 Damage, 75% Acc, 6.0/s FR","Stalker - Grants 1 20% Chance for shots to be a Critical Hi, and refunds 2 Ammo on a Critical Hit",
Jakobs,Assault Rifle,76,Barrel,JAK_AR.part_barrel_02_screenwriter,,NOT IMPLEMENTED,,
Jakobs,Assault Rifle,85,Manufacturer Part,JAK_AR.part_shield_ammo,,Hyperion Absorb Shield,,
Jakobs,Pistol,2,Body,JAK_PS.part_body,,"No stat changes, always present",,
Jakobs,Pistol,3,Body Accessory,JAK_PS.part_body_a,,-Reload Speed,,
Jakobs,Pistol,4,Body Accessory,JAK_PS.part_body_b,,-Reload Speed,,
Jakobs,Pistol,5,Body Accessory,JAK_PS.part_body_c,,+Accuracy,,
Jakobs,Pistol,6,Body Accessory,JAK_PS.part_body_d,,+Crit Damage,,
Jakobs,Pistol,7,Barrel,JAK_PS.part_barrel_01,,"Cuca, 1785 Damage, 69% Acc, 9.0/s FR",,
Jakobs,Pistol,8,Barrel,JAK_PS.part_barrel_02,,"Muki, 1874 Damage, 78% Acc, 7.5/s FR",,
Jakobs,Pistol,9,Manufacturer Part,JAK_PS.part_shield_default,,Hyperion Shield,,
Jakobs,Pistol,10,Manufacturer Part,JAK_PS.part_shield_ricochet,,Hyperion Ricochet Shield,,
Jakobs,Pistol,11,Manufacturer Part,JAK_PS.part_shield_ammo,,Hyperion Absorb Shield,,
Jakobs,Pistol,12,Manufacturer Part,JAK_PS.part_shield_amp,,Hyperion Amp Shield,,
Jakobs,Pistol,13,Magazine,JAK_PS.part_mag_01,,"2.4s Reload, 4 Shots",,
Jakobs,Pistol,14,Magazine,JAK_PS.part_mag_02,,"2.3s Reload, 6 Shots",,
Jakobs,Pistol,15,Magazine,JAK_PS.part_mag_03_tor,,"2.9s Reload, 8 Shots",,
Jakobs,Pistol,16,Magazine,JAK_PS.part_mag_04_cov,,"3.2s Reload, 5 Shots",CoV Mag,
Jakobs,Pistol,17,Magazine,JAK_PS.part_mag_05_borg,,"2.3s Reload, 8 Shots",Ripper Mag,
Jakobs,Pistol,18,Manufacturer Part,JAK_PS.part_mag_torgue_normal,,Torgue Impact Gyrojets,,
Jakobs,Pistol,19,Manufacturer Part,JAK_PS.part_mag_torgue_sticky,,Torgue Sticky Gyrojets,,
Jakobs,Pistol,20,Stat Modifier,JAK_PS.part_mag_ted_thrown_01,,2.0s Reload,,
Jakobs,Pistol,21,Stat Modifier,JAK_PS.part_mag_ted_thrown_02,,2.0s Reload,,
Jakobs,Pistol,22,Stat Modifier,JAK_PS.part_mag_ted_thrown_03_tor,,2.0s Reload,,
Jakobs,Pistol,23,Stat Modifier,JAK_PS.part_mag_ted_thrown_04_cov,,3.0s Reload,,
Jakobs,Pistol,24,Stat Modifier,JAK_PS.part_mag_ted_thrown_05_bor,,2.0s Reload,,
Jakobs,Pistol,25,Scope,JAK_PS.part_scope_ironsight,,ADS,,
Jakobs,Pistol,26,Scope,JAK_PS.part_scope_01_lens_01,,ADS +Zoom,,
Jakobs,Pistol,27,Scope,JAK_PS.part_scope_01_lens_02,,ADS +Zoom,,
Jakobs,Pistol,28,Scope,JAK_PS.part_scope_02_lens_01,,ADS ++Zoom,,
Jakobs,Pistol,29,Scope,JAK_PS.part_scope_02_lens_02,,ADS +++Zoom,,
Jakobs,Pistol,30,Scope Accessory,JAK_PS.part_scope_acc_s01_l01_a,,+Damage,Mag Gauge,
Jakobs,Pistol,31,Scope Accessory,JAK_PS.part_scope_acc_s01_l01_b,,-Reload Speed,,
Jakobs,Pistol,32,Scope Accessory,JAK_PS.part_scope_acc_s02_l01_a,,No Stat Changes,,
Jakobs,Pistol,33,Scope Accessory,JAK_PS.part_scope_acc_s02_l01_b,,+Crit Damage,Mag Gauge,
Jakobs,Pistol,34,Scope Accessory,JAK_PS.part_scope_acc_s01_l02_a,,+Damage,,
Jakobs,Pistol,35,Scope Accessory,JAK_PS.part_scope_acc_s01_l02_b,,-Reload Speed,Mag Gauge,
Jakobs,Pistol,36,Scope Accessory,JAK_PS.part_scope_acc_s02_l02_a,,No Stat Changes,,
Jakobs,Pistol,37,Scope Accessory,JAK_PS.part_scope_acc_s02_l02_b,,+Crit Damage,,
Jakobs,Pistol,38,Grip,JAK_PS.part_grip_05b_ted_homing,,"Tediore reload modifier: Homing, no stat changes",,
Jakobs,Pistol,39,Grip,JAK_PS.part_grip_05c_ted_jav,,"Tediore reload modifier: Javelin, no stat changes",,
Jakobs,Pistol,40,Grip,JAK_PS.part_grip_05a_ted_legs,,"Tediore reload modifier: Legs, no stat changes",,
Jakobs,Pistol,41,Grip,JAK_PS.part_grip_01,,+Damage,,
Jakobs,Pistol,42,Grip,JAK_PS.part_grip_02,,+Crit Damage,,
Jakobs,Pistol,43,Grip,JAK_PS.part_grip_03,,-Reload Speed,,
Jakobs,Pistol,44,Grip,JAK_PS.part_grip_04_hyp,,"Hyperion Grip, -Acc, Acc increases with continuous fire",,
Jakobs,Pistol,45,Underbarrel,JAK_PS.part_underbarrel_02_knifelauncher,,Alt Fire - Knife Launcher,,
Jakobs,Pistol,46,Underbarrel,JAK_PS.part_underbarrel_01_microrocket,,Alt Fire - Zip Rockets,,
Jakobs,Pistol,47,Underbarrel,JAK_PS.part_underbarrel_05_ammoswitcher,,"Underbarrel switch, no effects",Used for Daedalus Ammo switch,
Jakobs,Pistol,48,Underbarrel,JAK_PS.part_underbarrel_04_atlas,,Atlas Tracker Darts,,
Jakobs,Pistol,49,Foregrip,JAK_PS.part_foregrip_02,,+Fire Rate,,
Jakobs,Pistol,50,Foregrip,JAK_PS.part_foregrip_03,,+Accuracy,,
Jakobs,Pistol,51,Barrel Accessory,JAK_PS.part_barrel_01_a,,+Damage,,
Jakobs,Pistol,52,Barrel Accessory,JAK_PS.part_barrel_01_b,,+Crit Damage,,
Jakobs,Pistol,53,Barrel Accessory,JAK_PS.part_barrel_01_c,,+Accuracy,,
Jakobs,Pistol,54,Barrel Accessory,JAK_PS.part_barrel_01_d,,+Accuracy,,
Jakobs,Pistol,55,Barrel Accessory,JAK_PS.part_barrel_02_a,,+Damage,,
Jakobs,Pistol,56,Barrel Accessory,JAK_PS.part_barrel_02_b,,+Accuracy,,
Jakobs,Pistol,57,Barrel Accessory,JAK_PS.part_barrel_02_c,,+Fire Rate,,
Jakobs,Pistol,58,Barrel Accessory,JAK_PS.part_barrel_02_d,,+Damage,,
Jakobs,Pistol,59,Manufacturer Part,JAK_PS.part_barrel_licensed_ted,,"Tediore Reload, no stat changes",,
Jakobs,Pistol,60,Manufacturer Part,JAK_PS.part_barrel_licensed_ted_shooting,,"Tediore Shooting, no stat changes",,
Jakobs,Pistol,61,Manufacturer Part,JAK_PS.part_barrel_licensed_ted_mirv,,"Tediore MIRV, no stat changes",,
Jakobs,Pistol,62,Manufacturer Part,JAK_PS.part_barrel_licensed_ted_combo,,"Tediore Combo, no stat changes",,
Jakobs,Pistol,63,Manufacturer Part,JAK_PS.part_barrel_licensed_hyp,,"Hyperion Shield visual accessory, no stat changes",,
Jakobs,Pistol,64,Manufacturer Part,JAK_PS.part_secondary_ammo_smg,,Daedalus SMG Ammo,,
Jakobs,Pistol,65,Manufacturer Part,JAK_PS.part_secondary_ammo_sg,,Daedalus Shotgun Ammo,,
Jakobs,Pistol,66,Manufacturer Part,JAK_PS.part_secondary_ammo_ar,,Daedalus AR Ammo,,
Jakobs,Pistol,67,Manufacturer Part,JAK_PS.part_secondary_ammo_sr,,Daedalus SR Ammo,,
Jakobs,Pistol,68,Underbarrel,JAK_PS.part_underbarrel_03_vial,,Alt Fire - Vial Launcher,Launches a Corrosive Vial that deals XXX Corrosive Damage on impact and increases the target's Damage Taken by +30% for 6s,
Jakobs,Pistol,69,Underbarrel,JAK_PS.part_underbarrel_04_atlas_ball,,Atlas Tracker Grenades,,
Jakobs,Pistol,70,Foregrip,JAK_PS.part_foregrip_01,,+Damage,,
Jakobs,Pistol,72,Barrel,JAK_PS.part_barrel_quickdraw,,"Saba Songbird, 1874 Damage, 61% Acc, 7.5/s FR",Dueling Pistol - Deals +100% Damage for 5s after swapping Guns,
Jakobs,Pistol,75,Barrel,JAK_PS.part_barrel_02_kingsgambit,,"King's Gambit, 1874 Damage, 69% Acc, 7.5/s FR","Holy Hell - When shot, thrown Gun Ricochets Projectiles to nearby enemies",
Jakobs,Pistol,77,Barrel,JAK_PS.part_barrel_01_phantom_flame,,"Phantom Flame, 1785 Damage, 43% Acc, 9.0/s FR","Midday - Zooming in acquired Lock On targets over time, and firing while Zoomed In shoots the entire Magazine",
Jakobs,Pistol,80,Barrel,JAK_PS.part_barrel_01_seventh_sense,,"Seventh Sense, 1785 Damage, 67% Acc, 9.0/s FR",Proprioception - Hitting enemies spawns Orbs that float upward and home in on targets on Reload,
Jakobs,Shotgun,1,Stat Modifier,JAK_SG.part_body_ele_rainbowvomit_cryo_fire_shock,,,,
Jakobs,Shotgun,2,Body,JAK_SG.part_body,,"No stat changes, always present",,
Jakobs,Shotgun,3,Body Accessory,JAK_SG.part_body_a,,-Reload Speed,,
Jakobs,Shotgun,4,Body Accessory,JAK_SG.part_body_b,,-Reload Speed,,
Jakobs,Shotgun,5,Body Accessory,JAK_SG.part_body_c,,+Accuracy,,
Jakobs,Shotgun,6,Body Accessory,JAK_SG.part_body_d,,+Crit Damage,,
Jakobs,Shotgun,7,Barrel,JAK_SG.part_barrel_01,,"Dullahan, 823 x 6 Damage, 73% Acc, 1.5/s FR",,
Jakobs,Shotgun,8,Barrel,JAK_SG.part_barrel_02,,"Balor, 837 x 10 Damage, 51% Acc, 1.3/s FR",,
Jakobs,Shotgun,9,Manufacturer Part,JAK_SG.part_shield_default,,Hyperion Shield,,
Jakobs,Shotgun,10,Manufacturer Part,JAK_SG.part_shield_ricochet,,Hyperion Ricochet Shield,,
Jakobs,Shotgun,11,Manufacturer Part,JAK_SG.part_shield_ammo,,Hyperion Absorb Shield,,
Jakobs,Shotgun,12,Manufacturer Part,JAK_SG.part_shield_amp,,Hyperion Amp Shield,,
Jakobs,Shotgun,13,Magazine,JAK_SG.part_mag_05_borg,,"2.5s Reload, 8 Shots",Ripper Mag,
Jakobs,Shotgun,14,Magazine,JAK_SG.part_mag_04_cov,,"3.0s Reload, 6 Shots",CoV Mag,
Jakobs,Shotgun,15,Magazine,JAK_SG.part_mag_03_tor,,"2.3s Reload, 12 Shots, 2 Shot",,
Jakobs,Shotgun,16,Stat Modifier,JAK_SG.part_body_ele_rainbowvomit_cryo_fire_rad,,,,
Jakobs,Shotgun,17,Magazine,JAK_SG.part_mag_02,,"4.8s Reload, 6 Shots",,
Jakobs,Shotgun,18,Stat Modifier,JAK_SG.part_mag_ted_thrown_01,,2.0s Reload,,
Jakobs,Shotgun,19,Stat Modifier,JAK_SG.part_mag_ted_thrown_02,,2.0s Reload,,
Jakobs,Shotgun,20,Stat Modifier,JAK_SG.part_mag_ted_thrown_03_tor,,2.0s Reload,,
Jakobs,Shotgun,21,Stat Modifier,JAK_SG.part_mag_ted_thrown_04_cov,,3.0s Reload,,
Jakobs,Shotgun,22,Stat Modifier,JAK_SG.part_mag_ted_thrown_05_bor,,3.0s Reload,,
Jakobs,Shotgun,23,Scope,JAK_SG.part_scope_ironsight,,ADS,,
Jakobs,Shotgun,24,Scope,JAK_SG.part_scope_01_lens_01,,ADS +Zoom,,
Jakobs,Shotgun,25,Scope,JAK_SG.part_scope_01_lens_02,,ADS +Zoom,,
Jakobs,Shotgun,26,Scope,JAK_SG.part_scope_02_lens_01,,ADS ++Zoom,,
Jakobs,Shotgun,27,Scope,JAK_SG.part_scope_02_lens_02,,ADS ++Zoom,,
Jakobs,Shotgun,28,Scope Accessory,JAK_SG.part_scope_acc_s01_l01_a,,+Damage,,
Jakobs,Shotgun,29,Scope Accessory,JAK_SG.part_scope_acc_s01_l01_b,,-Reload Speed,,
Jakobs,Shotgun,30,Scope Accessory,JAK_SG.part_scope_acc_s02_l01_a,,No Stat Changes,,
Jakobs,Shotgun,31,Scope Accessory,JAK_SG.part_scope_acc_s02_l01_b,,+Crit Damage,,
Jakobs,Shotgun,32,Scope Accessory,JAK_SG.part_scope_acc_s01_l02_a,,+Damage,,
Jakobs,Shotgun,33,Scope Accessory,JAK_SG.part_scope_acc_s01_l02_b,,-Reload Speed,,
Jakobs,Shotgun,34,Scope Accessory,JAK_SG.part_scope_acc_s02_l02_a,,No Stat Changes,,
Jakobs,Shotgun,35,Scope Accessory,JAK_SG.part_scope_acc_s02_l02_b,,+Crit Damage,,
Jakobs,Shotgun,36,Grip,JAK_SG.part_grip_05c_ted_jav,,"Tediore reload modifier: Javelin, no stat changes",,
Jakobs,Shotgun,37,Grip,JAK_SG.part_grip_05b_ted_homing,,"Tediore reload modifier: Homing, no stat changes",,
Jakobs,Shotgun,38,Grip,JAK_SG.part_grip_04_hyp,,"Hyperion Grip, -Acc, Acc increases with continuous fire",,
Jakobs,Shotgun,39,Grip,JAK_SG.part_grip_05a_ted_legs,,"Tediore reload modifier: Legs, no stat changes",,
Jakobs,Shotgun,40,Grip,JAK_SG.part_grip_01,,+Damage,,
Jakobs,Shotgun,41,Grip,JAK_SG.part_grip_02,,+Crit Damage,,
Jakobs,Shotgun,42,Grip,JAK_SG.part_grip_03,,-Reload Speed,,
Jakobs,Shotgun,43,Underbarrel,JAK_SG.part_underbarrel_04_atlas_ball,,Atlas Tracker Grenades,,
Jakobs,Shotgun,44,Underbarrel,JAK_SG.part_underbarrel_04_atlas,,Atlas Tracker Darts,,
Jakobs,Shotgun,45,Underbarrel,JAK_SG.part_underbarrel_03_grenade,,Alt Fire - Spread Launcher,Fires a spread of Grenades that deal XXX x 5 Damage each,
Jakobs,Shotgun,46,Underbarrel,JAK_SG.part_underbarrel_02_meathook,,Alt Fire - Gravity Harpoon,Fires a Gravity Harpoon that deals XXX Damage and pulls in nearby enemies,
Jakobs,Shotgun,47,Foregrip,JAK_SG.part_foregrip_02,,+Fire Rate,,
Jakobs,Shotgun,48,Foregrip,JAK_SG.part_foregrip_03,,+Accuracy,,
Jakobs,Shotgun,49,Underbarrel,JAK_SG.part_underbarrel_05_ammoswitcher,,"Underbarrel switch, no effects",Used for Daedalus Ammo switch,
Jakobs,Shotgun,50,Underbarrel,JAK_SG.part_underbarrel_01_knifelauncher,,Alt Fire - Knife Launcher,Fires a Knife that deals XXX Damage,
Jakobs,Shotgun,51,Manufacturer Part,JAK_SG.part_secondary_ammo_smg,,Daedalus SMG Ammo,,
Jakobs,Shotgun,52,Manufacturer Part,JAK_SG.part_secondary_ammo_ps,,Daedalus Pistol Ammo,,
Jakobs,Shotgun,53,Manufacturer Part,JAK_SG.part_secondary_ammo_assaultrifle,,Daedalus AR Ammo,,
Jakobs,Shotgun,54,Manufacturer Part,JAK_SG.part_secondary_ammo_sr,,Daedalus SR Ammo,,
Jakobs,Shotgun,55,Barrel Accessory,JAK_SG.part_barrel_01_a,,+Damage,,
Jakobs,Shotgun,56,Barrel Accessory,JAK_SG.part_barrel_01_b,,+Crit Damage,,
Jakobs,Shotgun,57,Barrel Accessory,JAK_SG.part_barrel_01_c,,+Accuracy,,
Jakobs,Shotgun,58,Barrel Accessory,JAK_SG.part_barrel_01_d,,+Accuracy,,
Jakobs,Shotgun,59,Barrel Accessory,JAK_SG.part_barrel_02_a,,+Damage,,
Jakobs,Shotgun,60,Barrel Accessory,JAK_SG.part_barrel_02_b,,+Accuracy,,
Jakobs,Shotgun,61,Barrel Accessory,JAK_SG.part_barrel_02_c,,-Reload Speed,,
Jakobs,Shotgun,62,Barrel Accessory,JAK_SG.part_barrel_02_d,,+Damage,,
Jakobs,Shotgun,63,Manufacturer Part,JAK_SG.part_barrel_licensed_ted,,"Tediore Reload, no stat changes",,
Jakobs,Shotgun,64,Manufacturer Part,JAK_SG.part_barrel_licensed_ted_shooting,,"Tediore Shooting, no stat changes",,
Jakobs,Shotgun,65,Manufacturer Part,JAK_SG.part_barrel_licensed_ted_mirv,,"Tediore MIRV, no stat changes",,
Jakobs,Shotgun,66,Manufacturer Part,JAK_SG.part_barrel_licensed_ted_combo,,"Tediore Combo, no stat changes",,
Jakobs,Shotgun,67,Manufacturer Part,JAK_SG.part_barrel_licensed_hyp,,"Hyperion Shield visual accessory, no stat changes",,
Jakobs,Shotgun,68,Foregrip,JAK_SG.part_foregrip_01,,+Damage,,
Jakobs,Shotgun,69,Manufacturer Part,JAK_SG.part_mag_torgue_normal,,Torgue Impact Gyrojets,,
Jakobs,Shotgun,70,Manufacturer Part,JAK_SG.part_mag_torgue_sticky,,Torgue Sticky Gyrojets,,
Jakobs,Shotgun,71,Stat Modifier,JAK_SG.part_body_ele_rainbowvomit_cor_rad_shock,,,,
Jakobs,Shotgun,72,Stat Modifier,JAK_SG.part_body_ele_rainbowvomit_cor_fire_shock,,,,
Jakobs,Shotgun,73,Stat Modifier,JAK_SG.part_body_ele_rainbowvomit_cor_fire_rad,,,,
Jakobs,Shotgun,74,Stat Modifier,JAK_SG.part_body_ele_rainbowvomit_cor_cryo_shock,,,,
Jakobs,Shotgun,75,Stat Modifier,JAK_SG.part_body_ele_rainbowvomit_cor_cryo_rad,,,,
Jakobs,Shotgun,76,Stat Modifier,JAK_SG.part_body_ele_rainbowvomit_cor_cryo_fire,,,,
Jakobs,Shotgun,77,Stat Modifier,JAK_SG.part_body_ele_rainbowvomit_fire_rad_shock,,,,
Jakobs,Shotgun,78,Magazine,JAK_SG.part_mag_01_slugger,,"1.7s Reload, 30 Shots",TEST WITH HOT SLUGGER BARREL,
Jakobs,Shotgun,79,Barrel,JAK_SG.part_barrel_01_slugger,,"Hot Slugger, 5019 Damage, 82% Acc, 1.0/s FR, 1 AMMO","Blazing Barrel - On kill, deal +30% Damage for 10s for a Maximum 3 Stacks",
Jakobs,Shotgun,82,Barrel,JAK_SG.part_barrel_01_hellwalker,,"Hellwalker, 1071 x 10 Damage, 45% Acc, 2.0/s FR, 2 Shot",Soothslayer,
Jakobs,Shotgun,84,Stat Modifier,JAK_SG.part_body_ele_rainbowvomit_cryo_rad_shock,,,,
Jakobs,Shotgun,86,Barrel,JAK_SG.part_barrel_rainbowvomit,,"Rainbow Vomit, 823 x 6 Damage, 73% Acc, 1.5/s FR",,
Jakobs,Shotgun,87,Magazine,JAK_SG.part_mag_rainbowvomit,,"2.2s Reload, 6 Shots",,
Jakobs,Shotgun,88,Manufacturer Part,JAK_SG.part_mag_torgue_sticky_tkswave,,Torgue Sticky Gyrojets,,
Jakobs,Shotgun,89,Manufacturer Part,JAK_SG.part_mag_torgue_normal_tkswave,,Torgue Impact Gyrojets,,
Jakobs,Shotgun,90,Barrel,JAK_SG.part_barrel_tkswave,,"T.K's Wave, 1673 x 10 Damage, 51% Acc, 1.3/s FR, 2 Shot",Heirloom,
Jakobs,Shotgun,92,Magazine,JAK_SG.part_mag_02_b02,,"5.5s Reload, 6 Shots, 2 Shot",Mag_02 Barrel_02 ??? T.K's Wave???,
Jakobs,Shotgun,93,Magazine,JAK_SG.part_mag_01_b01,,"1.7s Reload, 1 Shot",Mag_01 Barrel_01 ???,
Jakobs,Shotgun,94,Magazine,JAK_SG.part_mag_01_b02,,"1.7s Reload, 2 Shots, 2 Shot",Mag_01 Barrel_02 ???,
Jakobs,Sniper,2,Body,JAK_SR.part_body,,"No stat changes, always present",,
Jakobs,Sniper,3,Body Accessory,JAK_SR.part_body_a,,-Reload Speed,,
Jakobs,Sniper,4,Body Accessory,JAK_SR.part_body_b,,-Reload Speed,,
Jakobs,Sniper,5,Body Accessory,JAK_SR.part_body_c,,No Stat Changes,,
Jakobs,Sniper,6,Body Accessory,JAK_SR.part_body_d,,+Crit Damage,,
Jakobs,Sniper,7,Barrel,JAK_SR.part_barrel_01,,"Inkanyamba, 4544 Damage, 89% Acc, 1.1/s FR",,
Jakobs,Sniper,8,Barrel,JAK_SR.part_barrel_02,,"Xiuhcoatl, 5481 Damage, 91% Acc, 0.8/s FR",,
Jakobs,Sniper,9,Manufacturer Part,JAK_SR.part_shield_default,,Hyperion Shield,,
Jakobs,Sniper,10,Manufacturer Part,JAK_SR.part_shield_ricochet,,Hyperion Ricochet Shield,,
Jakobs,Sniper,11,Manufacturer Part,JAK_SR.part_shield_ammo,,Hyperion Absorb Shield,,
Jakobs,Sniper,12,Manufacturer Part,JAK_SR.part_shield_amp,,Hyperion Amp Shield,,
Jakobs,Sniper,13,Magazine,JAK_SR.part_mag_01,,"3.5s Reload, 6 Shots",,
Jakobs,Sniper,14,Magazine,JAK_SR.part_mag_02,,"2.8s Reload, 4 Shots",,
Jakobs,Sniper,15,Magazine,JAK_SR.part_mag_03_tor,,"3.0s reload, 10 Shots",,
Jakobs,Sniper,16,Magazine,JAK_SR.part_mag_04_cov,,"4.0s Reload, 10 Shots",CoV Mag,
Jakobs,Sniper,17,Magazine,JAK_SR.part_mag_05_borg,,"3.1s Reload, 8 Shots",Ripper Mag,
Jakobs,Sniper,18,Manufacturer Part,JAK_SR.part_mag_torgue_normal,,Torgue Impact Gyrojets,,
Jakobs,Sniper,19,Manufacturer Part,JAK_SR.part_mag_torgue_sticky,,Torgue Sticky Gyrojets,,
Jakobs,Sniper,20,Stat Modifier,JAK_SR.part_mag_ted_thrown_01,,2.0s Reload,,
Jakobs,Sniper,21,Stat Modifier,JAK_SR.part_mag_ted_thrown_02,,2.0s Reload,,
Jakobs,Sniper,22,Stat Modifier,JAK_SR.part_mag_ted_thrown_03_tor,,2.0s Reload,,
Jakobs,Sniper,23,Stat Modifier,JAK_SR.part_mag_ted_thrown_04_cov,,3.0s Reload,,
Jakobs,Sniper,24,Stat Modifier,JAK_SR.part_mag_ted_thrown_05_bor,,3.0s Reload,,
Jakobs,Sniper,25,Scope,JAK_SR.part_scope_ironsight,,ADS,,
Jakobs,Sniper,26,Scope,JAK_SR.part_scope_01_lens_01,,ADS +++Zoom,Sniper Scope,
Jakobs,Sniper,27,Scope,JAK_SR.part_scope_01_lens_02,,ADS ++Zoom,,
Jakobs,Sniper,28,Scope,JAK_SR.part_scope_02_lens_01,,ADS ++Zoom,,
Jakobs,Sniper,29,Scope,JAK_SR.part_scope_02_lens_02,,ADS +++Zoom,Sniper Scope,
Jakobs,Sniper,30,Scope Accessory,JAK_SR.part_scope_acc_s01_l01_a,,+Damage,,
Jakobs,Sniper,31,Scope Accessory,JAK_SR.part_scope_acc_s01_l01_b,,-Reload Speed,,
Jakobs,Sniper,32,Scope Accessory,JAK_SR.part_scope_acc_s02_l01_a,,No Stat Changes,,
Jakobs,Sniper,33,Scope Accessory,JAK_SR.part_scope_acc_s02_l01_b,,+Crit Damage,,
Jakobs,Sniper,34,Scope Accessory,JAK_SR.part_scope_acc_s01_l02_a,,+Damage,,
Jakobs,Sniper,35,Scope Accessory,JAK_SR.part_scope_acc_s01_l02_b,,-Reload Speed,,
Jakobs,Sniper,36,Scope Accessory,JAK_SR.part_scope_acc_s02_l02_a,,No Stat Changes,,
Jakobs,Sniper,37,Scope Accessory,JAK_SR.part_scope_acc_s02_l02_b,,+Crit Damage,,
Jakobs,Sniper,38,Grip,JAK_SR.part_grip_05a_ted_legs,,"Tediore reload modifier: Legs, no stat changes",,
Jakobs,Sniper,39,Grip,JAK_SR.part_grip_05c_ted_jav,,"Tediore reload modifier: Javelin, no stat changes",,
Jakobs,Sniper,40,Grip,JAK_SR.part_grip_05b_ted_homing,,"Tediore reload modifier: Homing, no stat changes",,
Jakobs,Sniper,41,Grip,JAK_SR.part_grip_04_hyp,,"Hyperion Grip, -Acc, Acc increases with continuous fire",,
Jakobs,Sniper,42,Grip,JAK_SR.part_grip_01,,+Damage,,
Jakobs,Sniper,43,Grip,JAK_SR.part_grip_02,,+Crit Damage,,
Jakobs,Sniper,44,Grip,JAK_SR.part_grip_03,,-Reload Speed,,
Jakobs,Sniper,45,Underbarrel,JAK_SR.part_underbarrel_01_shotgun,,Alt Fire - Shotgun,,
Jakobs,Sniper,46,Underbarrel,JAK_SR.part_underbarrel_02_rocket,,Alt Fire - Big Rocket,,
Jakobs,Sniper,47,Underbarrel,JAK_SR.part_underbarrel_04_atlas_ball,,Atlas Tracker Grenades,,
Jakobs,Sniper,48,Underbarrel,JAK_SR.part_underbarrel_05_ammoswitcher,,"Underbarrel switch, no effects",Used for Daedalus Ammo switch,
Jakobs,Sniper,49,Foregrip,JAK_SR.part_foregrip_02,,-Reload Speed,,
Jakobs,Sniper,50,Foregrip,JAK_SR.part_foregrip_03,,No Stat Changes,,
Jakobs,Sniper,51,Foregrip,JAK_SR.part_foregrip_01,,+Damage,,
Jakobs,Sniper,52,Underbarrel,JAK_SR.part_underbarrel_04_atlas,,Atlas Tracker Darts,,
Jakobs,Sniper,53,Underbarrel,JAK_SR.part_underbarrel_03_crank,,Alt Fire - Crank SMG,Crank-fires a SMG that deals XXX Damage per shot,
Jakobs,Sniper,54,Manufacturer Part,JAK_SR.part_secondary_ammo_smg,,Daedalus SMG Ammo,,
Jakobs,Sniper,55,Manufacturer Part,JAK_SR.part_secondary_ammo_ar,,Daedalus AR Ammo,,
Jakobs,Sniper,56,Manufacturer Part,JAK_SR.part_secondary_ammo_ps,,Daedalus Pistol Ammo,,
Jakobs,Sniper,57,Barrel Accessory,JAK_SR.part_barrel_01_a,,+Damage,,
Jakobs,Sniper,58,Barrel Accessory,JAK_SR.part_barrel_01_b,,+Crit Damage,,
Jakobs,Sniper,59,Barrel Accessory,JAK_SR.part_barrel_01_c,,No Stat Changes,,
Jakobs,Sniper,60,Barrel Accessory,JAK_SR.part_barrel_01_d,,No Stat Changes,,
Jakobs,Sniper,61,Barrel Accessory,JAK_SR.part_barrel_02_a,,+Damage,,
Jakobs,Sniper,62,Barrel Accessory,JAK_SR.part_barrel_02_b,,No Stat Changes,,
Jakobs,Sniper,63,Barrel Accessory,JAK_SR.part_barrel_02_c,,+DPS with no visual stat change,,
Jakobs,Sniper,64,Barrel Accessory,JAK_SR.part_barrel_02_d,,+Damage,,
Jakobs,Sniper,65,Manufacturer Part,JAK_SR.part_barrel_licensed_ted,,"Tediore Reload, no stat changes",,
Jakobs,Sniper,66,Manufacturer Part,JAK_SR.part_barrel_licensed_ted_shooting,,"Tediore Shooting, no stat changes",,
Jakobs,Sniper,67,Manufacturer Part,JAK_SR.part_barrel_licensed_ted_combo,,"Tediore Combo, no stat changes",,
Jakobs,Sniper,68,Manufacturer Part,JAK_SR.part_barrel_licensed_ted_mirv,,"Tediore MIRV, no stat changes",,
Jakobs,Sniper,69,Manufacturer Part,JAK_SR.part_barrel_licensed_hyp,,"Hyperion Shield visual accessory, no stat changes",,
Jakobs,Sniper,70,Manufacturer Part,JAK_SR.part_secondary_ammo_sg,,Daedalus Shotgun Ammo,,
Jakobs,Sniper,72,Barrel,JAK_SR.part_barrel_ballista,,"Borstel ballista, 7027 Damage, 86% Acc, 0.8/s FR",Propagation,
Jakobs,Sniper,74,Barrel,JAK_SR.part_barrel_02_boomslang,,"Boomslang, 6090 Damage, 95% Acc, 0.8/2 FR","Bullet Pollinator - After Reloading, the first Critical hit Ricochets a Sticky Projectile to up to 3 nearby enemies",
Jakobs,Sniper,75,Barrel,JAK_SR.part_barrel_truck,,"Truck, 7027 Damage, 87% Acc, 1.0/s FR",Fixer-Upper,
Maliwan,Shotgun,2,Body,MAL_SG.part_body,,"No stat changes, always present",,
Maliwan,Shotgun,3,Body Accessory,MAL_SG.part_body_a,,-Reload Speed,,
Maliwan,Shotgun,4,Body Accessory,MAL_SG.part_body_b,,+Ammo,,
Maliwan,Shotgun,5,Body Accessory,MAL_SG.part_body_c,,+Accuracy,,
Maliwan,Shotgun,6,Body Accessory,MAL_SG.part_body_d,,No Stat Changes,,
Maliwan,Shotgun,7,Barrel,MAL_SG.part_barrel_01_kickballer,,"Kickballer, 5131 Damage, 77% Acc, 0.8/s FR",Force Bunt,
Maliwan,Shotgun,8,Barrel,MAL_SG.part_barrel_01,,"Stellium, 5131 Damage, 77% Acc, 0.8/s FR",,
Maliwan,Shotgun,9,Barrel,MAL_SG.part_barrel_02,,"Vertex, 2677 x 2 Damage, 75% Acc, 1.1/s FR, 2 Shot",,
Maliwan,Shotgun,10,Manufacturer Part,MAL_SG.part_shield_default,,Hyperion Shield,,
Maliwan,Shotgun,11,Manufacturer Part,MAL_SG.part_shield_ricochet,,Hyperion Ricochet Shield,,
Maliwan,Shotgun,12,Manufacturer Part,MAL_SG.part_shield_ammo,,Hyperion Absorb Shield,,
Maliwan,Shotgun,13,Manufacturer Part,MAL_SG.part_shield_amp,,Hyperion Amp Shield,,
Maliwan,Shotgun,14,Magazine,MAL_SG.part_mag_05_borg,,"2.8s Reload, 10 Shots",Ripper Mag,
Maliwan,Shotgun,15,Magazine,MAL_SG.part_mag_04_cov,,3.5s Reload 8 Shots,CoV Mag,
Maliwan,Shotgun,16,Magazine,MAL_SG.part_mag_01,,"2.4s Reload, 6 Shots",,
Maliwan,Shotgun,17,Magazine,MAL_SG.part_mag_02,,"2.0s Reload, 8 Shots",,
Maliwan,Shotgun,18,Stat Modifier,MAL_SG.part_mag_ted_thrown_01,,1.7s Reload,,
Maliwan,Shotgun,19,Stat Modifier,MAL_SG.part_mag_ted_thrown_02,,1.7s Reload,,
Maliwan,Shotgun,20,Stat Modifier,MAL_SG.part_mag_ted_thrown_03_tor,,1.7s Reload,,
Maliwan,Shotgun,21,Stat Modifier,MAL_SG.part_mag_ted_thrown_04_cov,,3.0s Reload,,
Maliwan,Shotgun,22,Stat Modifier,MAL_SG.part_mag_ted_thrown_05_bor,,2.5s Reload,,
Maliwan,Shotgun,23,Scope,MAL_SG.part_scope_ironsight,,ADS,,
Maliwan,Shotgun,24,Scope,MAL_SG.part_scope_01_lens_01,,ADS +Zoom,,
Maliwan,Shotgun,25,Scope,MAL_SG.part_scope_01_lens_02,,ADS +Zoom,,
Maliwan,Shotgun,26,Scope,MAL_SG.part_scope_02_lens_01,,ADS ++Zoom,,
Maliwan,Shotgun,27,Scope,MAL_SG.part_scope_02_lens_02,,ADS +++Zoom,Sniper Scope,
Maliwan,Shotgun,28,Scope Accessory,MAL_SG.part_scope_acc_s01_l01_a,,+Damage,Scope Hood,
Maliwan,Shotgun,29,Scope Accessory,MAL_SG.part_scope_acc_s01_l01_b,,-Reload Speed,Antenna,
Maliwan,Shotgun,30,Scope Accessory,MAL_SG.part_scope_acc_s02_l01_a,,No Stat Changes,Damage Type,
Maliwan,Shotgun,31,Scope Accessory,MAL_SG.part_scope_acc_s02_l01_b,,No Stat Changes,Mag Counter,
Maliwan,Shotgun,32,Scope Accessory,MAL_SG.part_scope_acc_s01_l02_a,,+Damage,Scope Hood,
Maliwan,Shotgun,33,Scope Accessory,MAL_SG.part_scope_acc_s01_l02_b,,-Reload Speed,Antenna,
Maliwan,Shotgun,34,Scope Accessory,MAL_SG.part_scope_acc_s02_l02_a,,No Stat Changes,HUD Elements,
Maliwan,Shotgun,35,Scope Accessory,MAL_SG.part_scope_acc_s02_l02_b,,No Stat Changes,Mag Counter,
Maliwan,Shotgun,36,Grip,MAL_SG.part_grip_05a_ted_legs,,"Tediore reload modifier: Legs, no stat changes",,
Maliwan,Shotgun,37,Grip,MAL_SG.part_grip_05b_ted_homing,,"Tediore reload modifier: Homing, no stat changes",,
Maliwan,Shotgun,38,Grip,MAL_SG.part_grip_05c_ted_jav,,"Tediore reload modifier: Javelin, no stat changes",,
Maliwan,Shotgun,39,Grip,MAL_SG.part_grip_04_hyp,,"Hyperion Grip, -Acc, Acc increases with continuous fire",,
Maliwan,Shotgun,40,Grip,MAL_SG.part_grip_01,,+Damage,,
Maliwan,Shotgun,41,Grip,MAL_SG.part_grip_02,,+Fire Rate,Change is too small to display on the card,
Maliwan,Shotgun,42,Grip,MAL_SG.part_grip_03,,-Reload Speed,,
Maliwan,Shotgun,43,Underbarrel,MAL_SG.part_underbarrel_03_beam_tosser,,Alt Fire - Beam Tosser,Launches a Projectile that fires 3 Beams that deal XXX Damage each,
Maliwan,Shotgun,44,Underbarrel,MAL_SG.part_underbarrel_02_energydisc,,Alt Fire - Energy Disc,Launches a bouncing Energy Disc tha deals XXX Damage per bounce,
Maliwan,Shotgun,45,Underbarrel,MAL_SG.part_underbarrel_04_atlas_ball,,Atlas Tracker Grenades,,
Maliwan,Shotgun,46,Underbarrel,MAL_SG.part_underbarrel_05_ammoswitcher,,"Underbarrel switch, no effects",Used for Daedalus Ammo switch,
Maliwan,Shotgun,47,Foregrip,MAL_SG.part_foregrip_02,,+Fire Rate,Change is too small to display on the card,
Maliwan,Shotgun,48,Foregrip,MAL_SG.part_foregrip_03,,+Accuracy,,
Maliwan,Shotgun,49,Underbarrel,MAL_SG.part_underbarrel_01_blowback,,Alt Fire - Energy Blast,Charge-fires a wide-angled Blast that deals XXX Damage,
Maliwan,Shotgun,50,Underbarrel,MAL_SG.part_underbarrel_04_atlas,,Atlas Tracker Darts,,
Maliwan,Shotgun,51,Foregrip,MAL_SG.part_foregrip_01,,+Damage,,
Maliwan,Shotgun,52,Manufacturer Part,MAL_SG.part_secondary_ammo_smg,,Daedalus SMG Ammo,,
Maliwan,Shotgun,53,Manufacturer Part,MAL_SG.part_secondary_ammo_ar,,Daedalus AR Ammo,,
Maliwan,Shotgun,54,Manufacturer Part,MAL_SG.part_secondary_ammo_ps,,Daedalus Pistol Ammo,,
Maliwan,Shotgun,55,Manufacturer Part,MAL_SG.part_secondary_ammo_sr,,Daedalus SR Ammo,,
Maliwan,Shotgun,56,Barrel,MAL_SG.part_barrel_01_kaleidosplode,,"Kaleidosplode, 1171 Damage, 77% Acc, 1.0/s FR",Colorful Mess,
Maliwan,Shotgun,58,Barrel,MAL_SG.part_barrel_02_sweet_embrace,,"Sweet Embrace, 2510 x 4 Damage, 72% Acc, 1.0/s FR, 2 Shot",Adoration,
Maliwan,Shotgun,59,Foregrip,MAL_SG.part_foregrip_04,,No Stat Changes,,
Maliwan,Shotgun,63,Barrel Accessory,MAL_SG.part_barrel_01_a,,+Damage,,
Maliwan,Shotgun,64,Barrel Accessory,MAL_SG.part_barrel_01_b,,No Stat Changes,,
Maliwan,Shotgun,65,Barrel Accessory,MAL_SG.part_barrel_01_c,,No Stat Changes,,
Maliwan,Shotgun,66,Barrel Accessory,MAL_SG.part_barrel_01_d,,+Accuracy,,
Maliwan,Shotgun,67,Barrel Accessory,MAL_SG.part_barrel_02_a,,+Damage,,
Maliwan,Shotgun,68,Barrel Accessory,MAL_SG.part_barrel_02_b,,+Accuracy,,
Maliwan,Shotgun,69,Barrel Accessory,MAL_SG.part_barrel_02_c,,+Fire Rate,,
Maliwan,Shotgun,70,Barrel Accessory,MAL_SG.part_barrel_02_d,,+Fire Rate,,
Maliwan,Shotgun,71,Manufacturer Part,MAL_SG.part_barrel_licensed_jak,,Jakobs Ricochet,,
Maliwan,Shotgun,72,Manufacturer Part,MAL_SG.part_barrel_licensed_ted,,"Tediore Reload, no stat changes",,
Maliwan,Shotgun,73,Manufacturer Part,MAL_SG.part_barrel_licensed_ted_shooting,,"Tediore Shooting, no stat changes",,
Maliwan,Shotgun,74,Manufacturer Part,MAL_SG.part_barrel_licensed_ted_mirv,,"Tediore MIRV, no stat changes",,
Maliwan,Shotgun,75,Manufacturer Part,MAL_SG.part_barrel_licensed_ted_combo,,"Tediore Combo, no stat changes",,
Maliwan,Shotgun,76,Manufacturer Part,MAL_SG.part_barrel_licensed_hyp,,"Hyperion Shield visual accessory, no stat changes",,
Maliwan,Shotgun,77,Manufacturer Part,MAL_SG.part_mag_torgue_normal,,Torgue Impact Gyrojets,,
Maliwan,Shotgun,78,Manufacturer Part,MAL_SG.part_mag_torgue_sticky,,Torgue Sticky Gyrojets,,
Maliwan,Shotgun,79,Magazine,MAL_SG.part_mag_03_tor,,"2.2s Reload, 4 Shots",,
Maliwan,SMG,2,Body,MAL_SM.part_body,,"No stat changes, always present",,
Maliwan,SMG,3,Body Accessory,MAL_SM.part_body_a,,-Reload Speed,,
Maliwan,SMG,4,Body Accessory,MAL_SM.part_body_b,,+Ammo,,
Maliwan,SMG,5,Body Accessory,MAL_SM.part_body_c,,+Accuracy,,
Maliwan,SMG,6,Body Accessory,MAL_SM.part_body_d,,No Stat Changes,,
Maliwan,SMG,7,Barrel,MAL_SM.part_barrel_01,,"Ephemeris, 580 Damage, 80% Acc, 7.3/s FR",,
Maliwan,SMG,8,Barrel,MAL_SM.part_barrel_02,,"Synastry, 714 Damage, 81% Acc, 5.3/s FR",,
Maliwan,SMG,9,Manufacturer Part,MAL_SM.part_shield_default,,Hyperion Shield,,
Maliwan,SMG,10,Manufacturer Part,MAL_SM.part_shield_ricochet,,Hyperion Ricochet Shield,,
Maliwan,SMG,11,Manufacturer Part,MAL_SM.part_shield_ammo,,Hyperion Absorb Shield,,
Maliwan,SMG,12,Manufacturer Part,MAL_SM.part_shield_amp,,Hyperion Amp Shield,,
Maliwan,SMG,13,Magazine,MAL_SM.part_mag_01,,"2.2s Reload, 28 Shots",,
Maliwan,SMG,14,Magazine,MAL_SM.part_mag_02,,"2.7s Reload, 36 Shots",,
Maliwan,SMG,15,Magazine,MAL_SM.part_mag_03_tor,,"2.4s Reload, 24 Shots",,
Maliwan,SMG,16,Magazine,MAL_SM.part_mag_04_cov,,"3.4s Reload, 37 Shots",CoV Mag,
Maliwan,SMG,17,Magazine,MAL_SM.part_mag_05_borg,,"2.0s Reload, 40 Shots",Ripper Mag,
Maliwan,SMG,18,Manufacturer Part,MAL_SM.part_mag_torgue_normal,,Torgue Impact Gyrojets,,
Maliwan,SMG,19,Manufacturer Part,MAL_SM.part_mag_torgue_sticky,,Torgue Sticky Gyrojets,,
Maliwan,SMG,20,Stat Modifier,MAL_SM.part_mag_ted_thrown_01,,2.0s Reload,,
Maliwan,SMG,21,Stat Modifier,MAL_SM.part_mag_ted_thrown_02,,2.0s Reload,,
Maliwan,SMG,22,Stat Modifier,MAL_SM.part_mag_ted_thrown_03_tor,,2.0s Reload,,
Maliwan,SMG,23,Stat Modifier,MAL_SM.part_mag_ted_thrown_04_cov,,3.0s Reload,,
Maliwan,SMG,24,Stat Modifier,MAL_SM.part_mag_ted_thrown_05_bor,,3.0s Reload,,
Maliwan,SMG,25,Scope,MAL_SM.part_scope_ironsight,,ADS,,
Maliwan,SMG,26,Scope,MAL_SM.part_scope_01_lens_01,,ADS +Zoom,,
Maliwan,SMG,27,Scope,MAL_SM.part_scope_01_lens_02,,ADS +Zoom,,
Maliwan,SMG,28,Scope,MAL_SM.part_scope_02_lens_01,,ADS ++Zoom,,
Maliwan,SMG,29,Scope,MAL_SM.part_scope_02_lens_02,,ADS ++Zoom,,
Maliwan,SMG,30,Scope Accessory,MAL_SM.part_scope_acc_S01_L01_a,,+Damage,"Mag Counter, Compass",
Maliwan,SMG,31,Scope Accessory,MAL_SM.part_scope_acc_S01_L01_b,,-Reload Speed,Antenna,
Maliwan,SMG,32,Scope Accessory,MAL_SM.part_scope_acc_S02_L01_a,,No Stat Changes,HUD Elements,
Maliwan,SMG,33,Scope Accessory,MAL_SM.part_scope_acc_S02_L01_b,,No Stat Changes,Antenna,
Maliwan,SMG,34,Scope Accessory,MAL_SM.part_scope_acc_S01_L02_a,,+Damage,Mag/Ammo Counter,
Maliwan,SMG,35,Scope Accessory,MAL_SM.part_scope_acc_S01_L02_b,,-Reload Speed,Antenna,
Maliwan,SMG,36,Scope Accessory,MAL_SM.part_scope_acc_S02_L02_a,,No Stat Changes,"Mag Counter, Compass",
Maliwan,SMG,37,Scope Accessory,MAL_SM.part_scope_acc_S02_L02_b,,No Stat Changes,Antenna,
Maliwan,SMG,38,Grip,MAL_SM.part_grip_05c_ted_jav,,"Tediore reload modifier: Javelin, no stat changes",,
Maliwan,SMG,39,Grip,MAL_SM.part_grip_05b_ted_homing,,"Tediore reload modifier: Homing, no stat changes",,
Maliwan,SMG,40,Grip,MAL_SM.part_grip_05a_ted_legs,,"Tediore reload modifier: Legs, no stat changes",,
Maliwan,SMG,41,Grip,MAL_SM.part_grip_04_hyp,,"Hyperion Grip, -Acc, Acc increases with continuous fire",,
Maliwan,SMG,42,Grip,MAL_SM.part_grip_01,,+Damage,,
Maliwan,SMG,43,Grip,MAL_SM.part_grip_02,,+Fire Rate,,
Maliwan,SMG,44,Grip,MAL_SM.part_grip_03,,-Reload Speed,,
Maliwan,SMG,45,Underbarrel,MAL_SM.part_underbarrel_03_railgun,,Alt Fire - Railgun,Charge-fires a piercing Railgun shot that deals XXX Damage,
Maliwan,SMG,46,Underbarrel,MAL_SM.part_underbarrel_02_overcharge,,Alt Fire - Energy Discharge,Charge-fires a Blast that deals XXX Damage,
Maliwan,SMG,47,Underbarrel,MAL_SM.part_underbarrel_04_atlas_ball,,Atlas Tracker Grenades,,
Maliwan,SMG,48,Underbarrel,MAL_SM.part_underbarrel_05_ammoswitcher,,"Underbarrel switch, no effects",Used for Daedalus Ammo switch,
Maliwan,SMG,49,Foregrip,MAL_SM.part_foregrip_02,,+Fire Rate,,
Maliwan,SMG,50,Foregrip,MAL_SM.part_foregrip_03,,+Accuracy,,
Maliwan,SMG,51,Foregrip,MAL_SM.part_foregrip_01,,+Damage,,
Maliwan,SMG,52,Underbarrel,MAL_SM.part_underbarrel_04_atlas,,Atlas Tracker Darts,,
Maliwan,SMG,53,Underbarrel,MAL_SM.part_underbarrel_01_laserwire,,Alt Fire - Laser Wire,Spawns a Laser Wire that deals XXX Damage/s,
Maliwan,SMG,54,Manufacturer Part,MAL_SM.part_secondary_ammo_sg,,Daedalus Shotgun Ammo,,
Maliwan,SMG,55,Manufacturer Part,MAL_SM.part_secondary_ammo_ar,,Daedalus AR Ammo,,
Maliwan,SMG,56,Manufacturer Part,MAL_SM.part_secondary_ammo_ps,,Daedalus Pistol Ammo,,
Maliwan,SMG,57,Manufacturer Part,MAL_SM.part_secondary_ammo_sr,,Daedalus SR Ammo,,
Maliwan,SMG,59,Barrel,MAL_SM.part_barrel_01_OhmIGot,,"Ohm I Got, 803 Damage, 100% Acc, 8.0/s FR, 2 Shot","Energy Transfer - When Energy Shield is active, grants +50% Damage by consuming the Shield's energy instead of Ammo. When Overshield is also active, Energy Shield will no deplete",
Maliwan,SMG,61,Barrel Accessory,MAL_SM.part_barrel_02_d_PlasmaCoil,,"+Damage, +Fire Rate, +Ammo",,
Maliwan,SMG,62,Barrel,MAL_SM.part_barrel_02_PlasmaCoil,,"Plasma Coil, 937 Damage, 84% Acc, 7.7/s FR",Superheated,
Maliwan,SMG,65,Barrel Accessory,MAL_SM.part_barrel_01_a,,+Damage,,
Maliwan,SMG,66,Barrel Accessory,MAL_SM.part_barrel_01_b,,No Stat Changes,,
Maliwan,SMG,67,Barrel Accessory,MAL_SM.part_barrel_01_c,,No Stat Changes,,
Maliwan,SMG,68,Barrel Accessory,MAL_SM.part_barrel_01_d,,+Accuracy,,
Maliwan,SMG,69,Barrel Accessory,MAL_SM.part_barrel_02_a,,+Damage,,
Maliwan,SMG,70,Barrel Accessory,MAL_SM.part_barrel_02_b,,+Accuracy,,
Maliwan,SMG,71,Barrel Accessory,MAL_SM.part_barrel_02_c,,+Fire Rate,,
Maliwan,SMG,72,Barrel Accessory,MAL_SM.part_barrel_02_d,,+Fire Rate,,
Maliwan,SMG,73,Manufacturer Part,MAL_SM.part_barrel_licensed_jak,,Jakobs Ricochet,,
Maliwan,SMG,74,Manufacturer Part,MAL_SM.part_barrel_licensed_ted,,"Tediore Reload, no stat changes",,
Maliwan,SMG,75,Manufacturer Part,MAL_SM.part_barrel_licensed_ted_shooting,,"Tediore Shooting, no stat changes",,
Maliwan,SMG,76,Manufacturer Part,MAL_SM.part_barrel_licensed_ted_mirv,,"Tediore MIRV, no stat changes",,
Maliwan,SMG,77,Manufacturer Part,MAL_SM.part_barrel_licensed_ted_combo,,"Tediore Combo, no stat changes",,
Maliwan,SMG,78,Manufacturer Part,MAL_SM.part_barrel_licensed_hyp,,"Hyperion Shield visual accessory, no stat changes",,
Maliwan,Sniper,2,Body,MAL_SR.part_body,,"No stat changes, always present",,
Maliwan,Sniper,3,Body Accessory,MAL_SR.part_body_a,,-Reload Speed,,
Maliwan,Sniper,4,Body Accessory,MAL_SR.part_body_b,,+Ammo,,
Maliwan,Sniper,5,Body Accessory,MAL_SR.part_body_c,,+Accuracy,,
Maliwan,Sniper,6,Body Accessory,MAL_SR.part_body_d,,No Stat Changes,,
Maliwan,Sniper,7,Barrel,MAL_SR.part_barrel_01,,"Midheaven, 2483 Damage, 89% Acc, 1.9/s FR",,
Maliwan,Sniper,8,Barrel,MAL_SR.part_barrel_02,,"Transit, 2483 Damage, 92% Acc, 3.0/s FR",,
Maliwan,Sniper,9,Manufacturer Part,MAL_SR.part_shield_default,,Hyperion Shield,,
Maliwan,Sniper,10,Manufacturer Part,MAL_SR.part_shield_ricochet,,Hyperion Ricochet Shield,,
Maliwan,Sniper,11,Manufacturer Part,MAL_SR.part_shield_ammo,,Hyperion Absorb Shield,,
Maliwan,Sniper,12,Manufacturer Part,MAL_SR.part_shield_amp,,Hyperion Amp Shield,,
Maliwan,Sniper,13,Magazine,MAL_SR.part_mag_01,,"2.7s Reload, 8 Shots",,
Maliwan,Sniper,14,Magazine,MAL_SR.part_mag_02,,"3.2s Reload, 10 Shots",,
Maliwan,Sniper,15,Magazine,MAL_SR.part_mag_03_tor,,"2.2s Reload, 6 Shots",,
Maliwan,Sniper,16,Magazine,MAL_SR.part_mag_04_cov,,"3.8s Reload, 10 Shots",CoV Mag,
Maliwan,Sniper,17,Magazine,MAL_SR.part_mag_05_borg,,"2.1s Reload, 12 Shots",Ripper Mag,
Maliwan,Sniper,18,Manufacturer Part,MAL_SR.part_mag_torgue_normal,,Torgue Impact Gyrojets,,
Maliwan,Sniper,19,Manufacturer Part,MAL_SR.part_mag_torgue_sticky,,Torgue Sticky Gyrojets,,
Maliwan,Sniper,20,Barrel,MAL_SR.part_barrel_01_complex_root,,"Complex Root, 2342 Damage, 85% Acc, 1.2/s FR",Sierpinski - Spawns additional diverging Projectiles along its path,
Maliwan,Sniper,21,Stat Modifier,MAL_SR.part_mag_ted_thrown_01,,2.0s Reload,,
Maliwan,Sniper,22,Stat Modifier,MAL_SR.part_mag_ted_thrown_02,,2.0s Reload,,
Maliwan,Sniper,23,Stat Modifier,MAL_SR.part_mag_ted_thrown_03_tor,,2.0s Reload,,
Maliwan,Sniper,24,Stat Modifier,MAL_SR.part_mag_ted_thrown_04_cov,,3.0s Reload,,
Maliwan,Sniper,25,Stat Modifier,MAL_SR.part_mag_ted_thrown_05_bor,,3.0s Reload,,
Maliwan,Sniper,26,Scope,MAL_SR.part_scope_ironsight,,ADS,,
Maliwan,Sniper,27,Scope,MAL_SR.part_scope_01_lens_01,,ADS +Zoom,Sniper Scope,
Maliwan,Sniper,28,Scope,MAL_SR.part_scope_01_lens_02,,ADS ++Zoom,Sniper Scope,
Maliwan,Sniper,29,Scope,MAL_SR.part_scope_02_lens_01,,ADS +++Zoom,Sniper Scope,
Maliwan,Sniper,30,Scope,MAL_SR.part_scope_02_lens_02,,ADS ++Zoom,,
Maliwan,Sniper,31,Scope Accessory,MAL_SR.part_scope_acc_s01_l01_a,,+Damage,HUD Elements,
Maliwan,Sniper,32,Scope Accessory,MAL_SR.part_scope_acc_s01_l01_b,,-Reload Speed,"Mag Counter Gauge, Distance",
Maliwan,Sniper,33,Scope Accessory,MAL_SR.part_scope_acc_s02_l01_a,,No Stat Changes,HUD Elements,
Maliwan,Sniper,34,Scope Accessory,MAL_SR.part_scope_acc_s02_l01_b,,No Stat Changes,Mag Counter Gauge,
Maliwan,Sniper,35,Scope Accessory,MAL_SR.part_scope_acc_s01_l02_a,,+Damage,HUD Elements,
Maliwan,Sniper,36,Scope Accessory,MAL_SR.part_scope_acc_s01_l02_b,,-Reload Speed,Mag Counter Gauge,
Maliwan,Sniper,37,Scope Accessory,MAL_SR.part_scope_acc_s02_l02_a,,No Stat Changes,HUD Elements,
Maliwan,Sniper,38,Scope Accessory,MAL_SR.part_scope_acc_s02_l02_b,,No Stat Changes,Mag Counter Gauge,
Maliwan,Sniper,39,Grip,MAL_SR.part_grip_05c_ted_jav,,"Tediore reload modifier: Javelin, no stat changes",,
Maliwan,Sniper,40,Grip,MAL_SR.part_grip_05b_ted_homing,,"Tediore reload modifier: Homing, no stat changes",,
Maliwan,Sniper,41,Grip,MAL_SR.part_grip_05a_ted_legs,,"Tediore reload modifier: Legs, no stat changes",,
Maliwan,Sniper,42,Grip,MAL_SR.part_grip_04_hyp,,"Hyperion Grip, -Acc, Acc increases with continuous fire",,
Maliwan,Sniper,43,Grip,MAL_SR.part_grip_01,,+Damage,,
Maliwan,Sniper,44,Grip,MAL_SR.part_grip_02,,+Fire Rate,,
Maliwan,Sniper,45,Grip,MAL_SR.part_grip_03,,-Reload Speed,,
Maliwan,Sniper,46,Underbarrel,MAL_SR.part_underbarrel_05_ammoswitcher,,"Underbarrel switch, no effects",Used for Daedalus Ammo switch,
Maliwan,Sniper,47,Underbarrel,MAL_SR.part_underbarrel_04_atlas_ball,,Atlas Tracker Grenades,,
Maliwan,Sniper,48,Underbarrel,MAL_SR.part_underbarrel_02_multitaser,,Alt Fire - Shock Field,"On impact, creates a Shock Field that deals XXX Damage/s",
Maliwan,Sniper,49,Underbarrel,MAL_SR.part_underbarrel_01_singularity,,Alt Fire - Singularity Grenade Launcher,Fires a Singularity that deals XXX Damage/s,
Maliwan,Sniper,50,Foregrip,MAL_SR.part_foregrip_02,,+Fire Rate,,
Maliwan,Sniper,51,Foregrip,MAL_SR.part_foregrip_03,,+Accuracy,,
Maliwan,Sniper,52,Foregrip,MAL_SR.part_foregrip_01,,+Damage,,
Maliwan,Sniper,53,Underbarrel,MAL_SR.part_underbarrel_03_rocketpod,,Alt Fire - Rocket Pod,Fires a salvo of Homing Rockets that deal XXX x 4 Damage,
Maliwan,Sniper,54,Underbarrel,MAL_SR.part_underbarrel_04_atlas,,Atlas Tracker Darts,,
Maliwan,Sniper,55,Manufacturer Part,MAL_SR.part_secondary_ammo_smg,,Daedalus SMG Ammo,,
Maliwan,Sniper,56,Manufacturer Part,MAL_SR.part_secondary_ammo_sg,,Daedalus Shotgun Ammo,,
Maliwan,Sniper,57,Manufacturer Part,MAL_SR.part_secondary_ammo_ar,,Daedalus AR Ammo,,
Maliwan,Sniper,58,Manufacturer Part,MAL_SR.part_secondary_ammo_ps,,Daedalus Pistol Ammo,,
Maliwan,Sniper,60,Barrel,MAL_SR.part_barrel_02_katagawa,,"Katagawa's Revenge, 1522 Damage, 89% Acc, 1.5/s FR",Stormcloud,
Maliwan,Sniper,62,Foregrip,MAL_SR.part_foregrip_04,,No Stat Changes,,
Maliwan,Sniper,63,Stat Modifier,MAL_SR.part_mag_05_borg_barrel_02,,2.4s Reload,"-Damage, -Acc, +Fire Rate - Pairs with barrel_02???",
Maliwan,Sniper,64,Stat Modifier,MAL_SR.part_mag_05_borg_barrel_01,,2.4s Reload,"-Damage, -Acc, -Fire Rate - Pairs with barrel_01???",
Maliwan,Sniper,65,Barrel Accessory,MAL_SR.part_barrel_01_a,,+Damage,,
Maliwan,Sniper,66,Barrel Accessory,MAL_SR.part_barrel_01_b,,No Stat Changes,,
Maliwan,Sniper,67,Barrel Accessory,MAL_SR.part_barrel_01_c,,No Stat Changes,,
Maliwan,Sniper,68,Barrel Accessory,MAL_SR.part_barrel_01_d,,+Accuracy,,
Maliwan,Sniper,69,Barrel Accessory,MAL_SR.part_barrel_02_a,,+Damage,,
Maliwan,Sniper,70,Barrel Accessory,MAL_SR.part_barrel_02_b,,No Stat Changes,,
Maliwan,Sniper,71,Barrel Accessory,MAL_SR.part_barrel_02_c,,+Fire Rate,,
Maliwan,Sniper,72,Barrel Accessory,MAL_SR.part_barrel_02_d,,+Fire Rate,,
Maliwan,Sniper,73,Manufacturer Part,MAL_SR.part_barrel_licensed_jak,,+Crit Damage,,
Maliwan,Sniper,74,Manufacturer Part,MAL_SR.part_barrel_licensed_ted,,"Tediore Reload, no stat changes",,
Maliwan,Sniper,75,Manufacturer Part,MAL_SR.part_barrel_licensed_ted_shooting,,"Tediore Shooting, no stat changes",,
Maliwan,Sniper,76,Manufacturer Part,MAL_SR.part_barrel_licensed_ted_mirv,,"Tediore MIRV, no stat changes",,
Maliwan,Sniper,77,Manufacturer Part,MAL_SR.part_barrel_licensed_ted_combo,,"Tediore Combo, no stat changes",,
Maliwan,Sniper,78,Manufacturer Part,MAL_SR.part_barrel_licensed_hyp,,"Hyperion Shield visual accessory, no stat changes",,
Maliwan,Sniper,79,Barrel,MAL_SR.part_barrel_01_asher,,"Asher's Rise, 1522 Damage, 89% Acc, 6.6/s FR",Slow Burn - Critical Hits apply Status Effects instead of increased impact Damage,
Order,Assault Rifle,1,Scope,ORD_AR.part_scope_02_lens_02_gmr,,ADS +++Zoom,,
Order,Assault Rifle,2,Barrel,ORD_AR.part_barrel_02_gmr,,"G.M.R., 1785 Damage, 65% Acc, 4.0/s FR","Big Name Hunter - When Zoomed In, Damage increases by +100%, Shot Cost increases by +100%, and Fire Rate decreases by -50%",
Order,Assault Rifle,3,Body Accessory,ORD_AR.part_body_a,,-Reload Speed,,
Order,Assault Rifle,4,Body Accessory,ORD_AR.part_body_b,,+Damage,,
Order,Assault Rifle,5,Body Accessory,ORD_AR.part_body_c,,+Accuracy,,
Order,Assault Rifle,6,Body Accessory,ORD_AR.part_body_d,,+Crit Damage,,
Order,Assault Rifle,7,Barrel,ORD_AR.part_barrel_01,,"Indiction, 1115 Damage, 89% Acc, 5.5/s FR",,
Order,Assault Rifle,8,Barrel,ORD_AR.part_barrel_02,,"Schema, 982 Damage, 88% Acc, 6.5/s FR",,
Order,Assault Rifle,9,Manufacturer Part,ORD_AR.part_shield_default,,Hyperion Shield,,
Order,Assault Rifle,10,Manufacturer Part,ORD_AR.part_shield_ricochet,,Hyperion Ricochet Shield,,
Order,Assault Rifle,11,Manufacturer Part,ORD_AR.part_shield_ammo,,Hyperion Absorb Shield,,
Order,Assault Rifle,12,Manufacturer Part,ORD_AR.part_shield_amp,,Hyperion Amp Shield,,
Order,Assault Rifle,13,Magazine,ORD_AR.part_mag_01,,"1.9s Reload, 18 Shots",,
Order,Assault Rifle,14,Magazine,ORD_AR.part_mag_02,,"2.3s Reload, 24 Shots",,
Order,Assault Rifle,15,Magazine,ORD_AR.part_mag_04_cov,,"3.7s Reload, 34 Shots",CoV Mag,
Order,Assault Rifle,16,Magazine,ORD_AR.part_mag_05_borg,,"2.3s Reload, 30 Shots",Ripper Mag,
Order,Assault Rifle,17,Stat Modifier,ORD_AR.part_mag_ted_thrown_01,,2.0s Reload,,
Order,Assault Rifle,18,Stat Modifier,ORD_AR.part_mag_ted_thrown_02,,2.0s Reload,,
Order,Assault Rifle,19,Stat Modifier,ORD_AR.part_mag_ted_thrown_03_tor,,2.0s Reload,,
Order,Assault Rifle,20,Stat Modifier,ORD_AR.part_mag_ted_thrown_04_cov,,3.0s Reload,,
Order,Assault Rifle,21,Stat Modifier,ORD_AR.part_mag_ted_thrown_05_bor,,3.0s Reload,,
Order,Assault Rifle,22,Scope,ORD_AR.part_scope_02_lens_02,,ADS +++Zoom,,
Order,Assault Rifle,23,Scope,ORD_AR.part_scope_02_lens_01,,ADS +++Zoom,,
Order,Assault Rifle,24,Scope,ORD_AR.part_scope_01_lens_02,,ADS ++Zoom,,
Order,Assault Rifle,25,Scope,ORD_AR.part_scope_01_lens_01,,ADS +Zoom,,
Order,Assault Rifle,26,Scope,ORD_AR.part_scope_ironsight,,ADS,,
Order,Assault Rifle,27,Scope Accessory,ORD_AR.part_scope_acc_s01_l01_a,,+Damage,HUD Elements,
Order,Assault Rifle,28,Scope Accessory,ORD_AR.part_scope_acc_s01_l01_b,,-Reload Speed,Scope Hood,
Order,Assault Rifle,29,Scope Accessory,ORD_AR.part_scope_acc_s02_l01_a,,No Stat Changes,HUD Elements,
Order,Assault Rifle,30,Scope Accessory,ORD_AR.part_scope_acc_s02_l01_b,,+Crit Damage,HUD Elements,
Order,Assault Rifle,31,Scope Accessory,ORD_AR.part_scope_acc_s01_l02_a,,+Damage,HUD Elements,
Order,Assault Rifle,32,Scope Accessory,ORD_AR.part_scope_acc_s01_l02_b,,-Reload Speed,Scope Hood,
Order,Assault Rifle,33,Scope Accessory,ORD_AR.part_scope_acc_s02_l02_a,,No Stat Changes,HUD Elements,
Order,Assault Rifle,34,Scope Accessory,ORD_AR.part_scope_acc_s02_l02_b,,+Crit Damage,HUD Elements,
Order,Assault Rifle,35,Grip,ORD_AR.part_grip_05a_ted_legs,,"Tediore reload modifier: Legs, no stat changes",,
Order,Assault Rifle,36,Grip,ORD_AR.part_grip_05c_ted_jav,,"Tediore reload modifier: Javelin, no stat changes",,
Order,Assault Rifle,37,Grip,ORD_AR.part_grip_05b_ted_homing,,"Tediore reload modifier: Homing, no stat changes",,
Order,Assault Rifle,38,Grip,ORD_AR.part_grip_04_hyp,,"Hyperion Grip, -Acc, Acc increases with continuous fire",,
Order,Assault Rifle,39,Grip,ORD_AR.part_grip_01,,+Damage,,
Order,Assault Rifle,40,Grip,ORD_AR.part_grip_02,,+Fire Rate,,
Order,Assault Rifle,41,Grip,ORD_AR.part_grip_03,,-Reload Speed,,
Order,Assault Rifle,42,Underbarrel,ORD_AR.part_underbarrel_01_seeker,,Alt Fire - Seeker Missles,,
Order,Assault Rifle,43,Underbarrel,ORD_AR.part_underbarrel_03_killdrone,,Alt Fire - Kill Drone,"Launches a Drone that fires at enemies for XXX Damage per shot, before exploding for XXX Damage",
Order,Assault Rifle,44,Underbarrel,ORD_AR.part_underbarrel_04_atlas_ball,,Atlas Tracker Grenades,,
Order,Assault Rifle,45,Underbarrel,ORD_AR.part_underbarrel_04_atlas,,Atlas Tracker Darts,,
Order,Assault Rifle,46,Foregrip,ORD_AR.part_foregrip_02,,+Crit Damage,,
Order,Assault Rifle,47,Foregrip,ORD_AR.part_foregrip_03,,+Accuracy,,
Order,Assault Rifle,48,Manufacturer Part,ORD_AR.part_secondary_ammo_sm,,Daedalus SMG Ammo,,
Order,Assault Rifle,49,Manufacturer Part,ORD_AR.part_secondary_ammo_sg,,Daedalus Shotgun Ammo,,
Order,Assault Rifle,50,Manufacturer Part,ORD_AR.part_secondary_ammo_ps,,Daedalus Pistol Ammo,,
Order,Assault Rifle,51,Manufacturer Part,ORD_AR.part_secondary_ammo_sr,,Daedalus SR Ammo,,
Order,Assault Rifle,52,Barrel Accessory,ORD_AR.part_barrel_01_a,,+Damage,,
Order,Assault Rifle,53,Barrel Accessory,ORD_AR.part_barrel_01_b,,+Crit Damage,,
Order,Assault Rifle,54,Barrel Accessory,ORD_AR.part_barrel_01_c,,+Accuracy,,
Order,Assault Rifle,55,Barrel Accessory,ORD_AR.part_barrel_01_d,,+Accuracy,,
Order,Assault Rifle,56,Barrel Accessory,ORD_AR.part_barrel_02_a,,+Damage,,
Order,Assault Rifle,57,Barrel Accessory,ORD_AR.part_barrel_02_b,,+Accuracy,,
Order,Assault Rifle,58,Barrel Accessory,ORD_AR.part_barrel_02_c,,+Fire Rate,,
Order,Assault Rifle,59,Barrel Accessory,ORD_AR.part_barrel_02_d,,+Fire Rate,,
Order,Assault Rifle,60,Manufacturer Part,ORD_AR.part_barrel_licensed_jak,,Jakobs Ricochet,,
Order,Assault Rifle,61,Manufacturer Part,ORD_AR.part_barrel_licensed_ted,,"Tediore Reload, no stat changes",,
Order,Assault Rifle,62,Manufacturer Part,ORD_AR.part_barrel_licensed_ted_shooting,,"Tediore Shooting, no stat changes",,
Order,Assault Rifle,63,Manufacturer Part,ORD_AR.part_barrel_licensed_ted_mirv,,"Tediore MIRV, no stat changes",,
Order,Assault Rifle,64,Manufacturer Part,ORD_AR.part_barrel_licensed_ted_combo,,"Tediore Combo, no stat changes",,
Order,Assault Rifle,65,Manufacturer Part,ORD_AR.part_barrel_licensed_hyp,,"Hyperion Shield visual accessory, no stat changes",,
Order,Assault Rifle,66,Manufacturer Part,ORD_AR.part_mag_torgue_normal,,Torgue Impact Gyrojets,,
Order,Assault Rifle,67,Manufacturer Part,ORD_AR.part_mag_torgue_sticky,,Torgue Sticky Gyrojets,,
Order,Assault Rifle,68,Underbarrel,ORD_AR.part_underbarrel_02_deathsphere,,Alt Fire - Death Sphere,Launches a Death Sphere that deals XXX Damage/s to nearby enemies,
Order,Assault Rifle,69,Underbarrel,ORD_AR.part_underbarrel_05_ammoswitcher,,"Underbarrel switch, no effects",Used for Daedalus Ammo switch,
Order,Assault Rifle,70,Foregrip,ORD_AR.part_foregrip_01,,+Damage,,
Order,Assault Rifle,71,Magazine,ORD_AR.part_mag_03_tor,,"2.1s Reload, 15 Shots",,
Order,Assault Rifle,72,Barrel,ORD_AR.part_barrel_02_goalkeeper,,"Goalkeeper, 1785 Damage, 84% Acc, 7.0/s FR","Amper Camper - When Gun Shield is depleted, grants +50% Damage for 15s",
Order,Assault Rifle,74,Body,ORD_AR.part_body,,"No stat changes, always present",,
Order,Pistol,1,Magazine,ORD_PS.part_mag_03_rocketreload,,"1.9s Reload, 6 Shots",Lucky Clover Mag?,
Order,Pistol,2,Body,ORD_PS.part_body,,"No stat changes, always present",,
Order,Pistol,3,Body Accessory,ORD_PS.part_body_a,,-Reload Speed,,
Order,Pistol,4,Body Accessory,ORD_PS.part_body_b,,+Damage,,
Order,Pistol,5,Body Accessory,ORD_PS.part_body_c,,+Accuracy,,
Order,Pistol,6,Body Accessory,ORD_PS.part_body_d,,+Crit Damage,,
Order,Pistol,7,Barrel,ORD_PS.part_barrel_01,,"Punct, 825 Damage, 76% Acc, 8.0/s FR",,
Order,Pistol,8,Barrel,ORD_PS.part_barrel_02,,"Lemma, 892 Damage, 76% Acc, 6.5/s FR",,
Order,Pistol,9,Manufacturer Part,ORD_PS.part_shield_default,,Hyperion Shield,,
Order,Pistol,10,Manufacturer Part,ORD_PS.part_shield_ricochet,,Hyperion Ricochet Shield,,
Order,Pistol,11,Manufacturer Part,ORD_PS.part_shield_ammo,,Hyperion Absorb Shield,,
Order,Pistol,12,Manufacturer Part,ORD_PS.part_shield_amp,,Hyperion Amp Shield,,
Order,Pistol,13,Magazine,ORD_PS.part_mag_01,,"1.9s Reload, 15 Shots",,
Order,Pistol,14,Magazine,ORD_PS.part_mag_02,,"2.8s Reload, 18 Shots",,
Order,Pistol,15,Magazine,ORD_PS.part_mag_04_cov,,"2.9s Reload, 20 Shots",CoV Mag,
Order,Pistol,16,Magazine,ORD_PS.part_mag_05_borg,,"2.3s Reload, 24 Shots",Ripper Mag,
Order,Pistol,17,Stat Modifier,ORD_PS.part_mag_ted_thrown_01,,2.0s Reload,,
Order,Pistol,18,Stat Modifier,ORD_PS.part_mag_ted_thrown_02,,2.0s Reload,,
Order,Pistol,19,Stat Modifier,ORD_PS.part_mag_ted_thrown_03_tor,,2.0s Reload,,
Order,Pistol,20,Stat Modifier,ORD_PS.part_mag_ted_thrown_04_cov,,3.0s Reload,,
Order,Pistol,21,Stat Modifier,ORD_PS.part_mag_ted_thrown_05_bor,,3.0s Reload,,
Order,Pistol,22,Scope,ORD_PS.part_scope_ironsight,,ADS,,
Order,Pistol,23,Scope,ORD_PS.part_scope_01_lens_01,,ADS +Zoom,,
Order,Pistol,24,Scope,ORD_PS.part_scope_01_lens_02,,ADS ++Zoom,,
Order,Pistol,25,Scope,ORD_PS.part_scope_02_lens_01,,ADS ++Zoom,Sniper Scope,
Order,Pistol,26,Scope,ORD_PS.part_scope_02_lens_02,,ADS +++Zoom,Sniper Scope,
Order,Pistol,27,Scope Accessory,ORD_PS.part_scope_acc_s01_l01_a,,+Damage,HUD Elements,
Order,Pistol,28,Scope Accessory,ORD_PS.part_scope_acc_s01_l01_b,,-Reload Speed,HUD Elements,
Order,Pistol,29,Scope Accessory,ORD_PS.part_scope_acc_s02_l01_a,,No Stat Changes,HUD Elements,
Order,Pistol,30,Scope Accessory,ORD_PS.part_scope_acc_s02_l01_b,,+Crit Damage,HUD Elements,
Order,Pistol,31,Scope Accessory,ORD_PS.part_scope_acc_s01_l02_a,,+Damage,HUD Elements,
Order,Pistol,32,Scope Accessory,ORD_PS.part_scope_acc_s01_l02_b,,-Reload Speed,HUD Elements,
Order,Pistol,33,Scope Accessory,ORD_PS.part_scope_acc_s02_l02_a,,No Stat Changes,HUD Elements,
Order,Pistol,34,Scope Accessory,ORD_PS.part_scope_acc_s02_l02_b,,+Crit Damage,HUD Elements,
Order,Pistol,35,Grip,ORD_PS.part_grip_05c_ted_jav,,"Tediore reload modifier: Javelin, no stat changes",,
Order,Pistol,36,Grip,ORD_PS.part_grip_05b_ted_homing,,"Tediore reload modifier: Homing, no stat changes",,
Order,Pistol,37,Grip,ORD_PS.part_grip_05a_ted_legs,,"Tediore reload modifier: Legs, no stat changes",,
Order,Pistol,38,Grip,ORD_PS.part_grip_04_hyp,,"Hyperion Grip, -Acc, Acc increases with continuous fire",,
Order,Pistol,39,Grip,ORD_PS.part_grip_01,,+Damage,,
Order,Pistol,40,Grip,ORD_PS.part_grip_02,,+Fire Rate,,
Order,Pistol,41,Grip,ORD_PS.part_grip_03,,-Reload Speed,,
Order,Pistol,42,Underbarrel,ORD_PS.part_underbarrel_05_ammoswitcher,,"Underbarrel switch, no effects",Used for Daedalus Ammo switch,
Order,Pistol,43,Underbarrel,ORD_PS.part_underbarrel_03_rockets,,Alt Fire - Micro-Rockets,Charge-fires up to 6 Micro-Rockets that deal XXX Damage each,
Order,Pistol,44,Underbarrel,ORD_PS.part_underbarrel_01_energyburst,,Alt Fire - Energy Burst,"Charge-fires an Energy Burst, that deals up to XXX Damage to nearby enemies",
Order,Pistol,45,Underbarrel,ORD_PS.part_underbarrel_04_atlas,,Atlas Tracker Darts,,
Order,Pistol,46,Underbarrel,ORD_PS.part_underbarrel_04_atlas_ball,,Atlas Tracker Grenades,,
Order,Pistol,47,Foregrip,ORD_PS.part_foregrip_02,,+Crit Damage,,
Order,Pistol,48,Foregrip,ORD_PS.part_foregrip_03,,+Accuracy,,
Order,Pistol,49,Manufacturer Part,ORD_PS.part_secondary_ammo_sm,,Daedalus SMG Ammo,,
Order,Pistol,50,Manufacturer Part,ORD_PS.part_secondary_ammo_sg,,Daedalus Shotgun Ammo,,
Order,Pistol,51,Manufacturer Part,ORD_PS.part_secondary_ammo_ar,,Daedalus AR Ammo,,
Order,Pistol,52,Manufacturer Part,ORD_PS.part_secondary_ammo_sr,,Daedalus SR Ammo,,
Order,Pistol,54,Barrel Accessory,ORD_PS.part_barrel_01_a,,+Damage,,
Order,Pistol,55,Barrel Accessory,ORD_PS.part_barrel_01_b,,+Crit Damage,,
Order,Pistol,56,Barrel Accessory,ORD_PS.part_barrel_01_c,,+Accuracy,,
Order,Pistol,57,Barrel Accessory,ORD_PS.part_barrel_01_d,,+Accuracy,,
Order,Pistol,58,Barrel Accessory,ORD_PS.part_barrel_02_a,,+Damage,,
Order,Pistol,59,Barrel Accessory,ORD_PS.part_barrel_02_b,,+Accuracy,,
Order,Pistol,60,Barrel Accessory,ORD_PS.part_barrel_02_c,,+Fire Rate,,
Order,Pistol,61,Barrel Accessory,ORD_PS.part_barrel_02_d,,+Fire Rate,,
Order,Pistol,62,Manufacturer Part,ORD_PS.part_barrel_licensed_jak,,Jakobs Ricochet,,
Order,Pistol,63,Manufacturer Part,ORD_PS.part_barrel_licensed_ted,,"Tediore Reload, no stat changes",,
Order,Pistol,64,Manufacturer Part,ORD_PS.part_barrel_licensed_ted_shooting,,"Tediore Shooting, no stat changes",,
Order,Pistol,65,Manufacturer Part,ORD_PS.part_barrel_licensed_ted_mirv,,"Tediore MIRV, no stat changes",,
Order,Pistol,66,Manufacturer Part,ORD_PS.part_barrel_licensed_ted_combo,,"Tediore Combo, no stat changes",,
Order,Pistol,67,Manufacturer Part,ORD_PS.part_barrel_licensed_hyp,,"Hyperion Shield visual accessory, no stat changes",,
Order,Pistol,68,Foregrip,ORD_PS.part_foregrip_01,,+Damage,,
Order,Pistol,69,Manufacturer Part,ORD_PS.part_mag_torgue_normal,,Torgue Impact Gyrojets,,
Order,Pistol,70,Manufacturer Part,ORD_PS.part_mag_torgue_sticky,,Torgue Sticky Gyrojets,,
Order,Pistol,71,Magazine,ORD_PS.part_mag_03_tor,,"2.0s Reload, 12 Shots",,
Order,Pistol,72,Underbarrel,ORD_PS.part_underbarrel_02_gravitywell,,Alt Fire - Gravity Well,Charge-fires a Gravity Well that deals up to XXX Damage and pulls in nearby enemies,
Order,Pistol,75,Barrel,ORD_PS.part_barrel_02_bully,,"Bully, 1338 Damage, 80% Acc, 7.0/s FR","Defensive Protocol - When Gun Shields are activated, launches an Attack Drone every 14s",
Order,Pistol,78,Magazine,ORD_PS.part_mag_noisycricket,,"1.5s Reload, 2 Shots",Noisy Cricket Mag,
Order,Pistol,79,Barrel,ORD_PS.part_barrel_noisycricket,,"Noisy Cricket, 4461 Damage, 57% Acc, 3.0/s FR, 2 Shot",Silence,
Order,Pistol,81,Barrel,ORD_PS.part_barrel_02_rocketreload,,"Lucky Clover, 892 Damage, 75% Acc, 8.0/s FR","Kismet - On Reload, fires 2 Homing Rockets that deal up to XXX Damage each",
Order,Sniper,2,Body,ORD_SR.part_body,,"No stat changes, always present",,
Order,Sniper,3,Body Accessory,ORD_SR.part_body_a,,-Reload Speed,,
Order,Sniper,4,Body Accessory,ORD_SR.part_body_b,,+Damage,,
Order,Sniper,5,Body Accessory,ORD_SR.part_body_c,,No Stat Changes,,
Order,Sniper,6,Body Accessory,ORD_SR.part_body_d,,+Crit Damage,,
Order,Sniper,7,Barrel,ORD_SR.part_barrel_01,,"Yuga, 2530 Damage, 90% Acc, 1.9/s FR",,
Order,Sniper,8,Barrel,ORD_SR.part_barrel_02,,"Piktun, 3045 Damage, 92% Acc, 1.5/s FR",,
Order,Sniper,9,Barrel Accessory,ORD_SR.part_barrel_01_a,,+Damage,,
Order,Sniper,10,Barrel Accessory,ORD_SR.part_barrel_01_c,,No Stat Changes,,
Order,Sniper,11,Barrel Accessory,ORD_SR.part_barrel_01_d,,No Stat Changes,,
Order,Sniper,12,Barrel Accessory,ORD_SR.part_barrel_02_a,,+Damage,,
Order,Sniper,13,Barrel Accessory,ORD_SR.part_barrel_02_b,,+Accuracy,,
Order,Sniper,14,Barrel Accessory,ORD_SR.part_barrel_02_c,,+Fire Rate,,
Order,Sniper,15,Barrel Accessory,ORD_SR.part_barrel_02_d,,+Fire Rate,,
Order,Sniper,16,Manufacturer Part,ORD_SR.part_barrel_licensed_jak,,Jakobs Ricochet,,
Order,Sniper,17,Manufacturer Part,ORD_SR.part_barrel_licensed_ted,,"Tediore Reload, no stat changes",,
Order,Sniper,18,Manufacturer Part,ORD_SR.part_barrel_licensed_ted_shooting,,"Tediore Shooting, no stat changes",,
Order,Sniper,19,Manufacturer Part,ORD_SR.part_barrel_licensed_ted_mirv,,"Tediore MIRV, no stat changes",,
Order,Sniper,20,Manufacturer Part,ORD_SR.part_barrel_licensed_ted_combo,,"Tediore Combo, no stat changes",,
Order,Sniper,21,Manufacturer Part,ORD_SR.part_barrel_licensed_hyp,,"Hyperion Shield visual accessory, no stat changes",,
Order,Sniper,22,Barrel Accessory,ORD_SR.part_barrel_01_b,,+Crit Damage,,
Order,Sniper,23,Manufacturer Part,ORD_SR.part_shield_default,,Hyperion Shield,,
Order,Sniper,24,Manufacturer Part,ORD_SR.part_shield_ricochet,,Hyperion Ricochet Shield,,
Order,Sniper,25,Manufacturer Part,ORD_SR.part_shield_ammo,,Hyperion Absorb Shield,,
Order,Sniper,26,Manufacturer Part,ORD_SR.part_shield_amp,,Hyperion Amp Shield,,
Order,Sniper,27,Magazine,ORD_SR.part_mag_01,,"2.3s Reload, 12 Shots",,
Order,Sniper,28,Magazine,ORD_SR.part_mag_02,,"2.7s Reload, 15 Shots",,
Order,Sniper,29,Magazine,ORD_SR.part_mag_04_cov,,"3.7s Reload, 20 Shots, CoV Mag",,
Order,Sniper,30,Magazine,ORD_SR.part_mag_05_borg,,"2.1s Reload, 18 Shots, Ripper Mag",,
Order,Sniper,31,Stat Modifier,ORD_SR.part_mag_ted_thrown_01,,1.6s Reload,,
Order,Sniper,32,Stat Modifier,ORD_SR.part_mag_ted_thrown_02,,1.6s Reload,,
Order,Sniper,33,Stat Modifier,ORD_SR.part_mag_ted_thrown_03_tor,,1.6s Reload,,
Order,Sniper,34,Stat Modifier,ORD_SR.part_mag_ted_thrown_04_cov,,3.0s Reload,,
Order,Sniper,35,Stat Modifier,ORD_SR.part_mag_ted_thrown_05_bor,,3.0s Reload,,
Order,Sniper,36,Scope,ORD_SR.part_scope_ironsight,,ADS,,
Order,Sniper,37,Scope,ORD_SR.part_scope_01_lens_01,,ADS +Zoom,,
Order,Sniper,38,Scope,ORD_SR.part_scope_01_lens_02,,ADS ++Zoom,Sniper Scope,
Order,Sniper,39,Scope,ORD_SR.part_scope_02_lens_01,,ADS +++Zoom,Sniper Scope,
Order,Sniper,40,Scope,ORD_SR.part_scope_02_lens_02,,ADS ++++Zoom,Sniper Scope,
Order,Sniper,41,Scope Accessory,ORD_SR.part_scope_acc_s01_l01_a,,+Damage,HUD Elements,
Order,Sniper,42,Scope Accessory,ORD_SR.part_scope_acc_s01_l01_b,,-Reload Speed,,
Order,Sniper,43,Scope Accessory,ORD_SR.part_scope_acc_s02_l01_a,,No Stat Changes,HUD Elements,
Order,Sniper,44,Scope Accessory,ORD_SR.part_scope_acc_s02_l01_b,,+Crit Damage,HUD Elements,
Order,Sniper,45,Scope Accessory,ORD_SR.part_scope_acc_s01_l02_a,,+Damage,HUD Elements,
Order,Sniper,46,Scope Accessory,ORD_SR.part_scope_acc_s01_l02_b,,-Reload Speed,HUD Elements,
Order,Sniper,47,Scope Accessory,ORD_SR.part_scope_acc_s02_l02_a,,No Stat Changes,HUD Elements,
Order,Sniper,48,Scope Accessory,ORD_SR.part_scope_acc_s02_l02_b,,+Crit Damage,HUD Elements,
Order,Sniper,49,Grip,ORD_SR.part_grip_05c_ted_jav,,"Tediore reload modifier: Javelin, no stat changes",,
Order,Sniper,50,Grip,ORD_SR.part_grip_05b_ted_homing,,"Tediore reload modifier: Homing, no stat changes",,
Order,Sniper,51,Grip,ORD_SR.part_grip_05a_ted_legs,,"Tediore reload modifier: Legs, no stat changes",,
Order,Sniper,52,Grip,ORD_SR.part_grip_04_hyp,,"Hyperion Grip, -Acc, Acc increases with continuous fire",,
Order,Sniper,53,Grip,ORD_SR.part_grip_01,,+Damage,,
Order,Sniper,54,Grip,ORD_SR.part_grip_02,,+Fire Rate,,
Order,Sniper,55,Grip,ORD_SR.part_grip_03,,-Reload Speed,,
Order,Sniper,56,Underbarrel,ORD_SR.part_underbarrel_05_ammoswitcher,,"Underbarrel switch, no effects",Used for Daedalus Ammo switch,
Order,Sniper,57,Underbarrel,ORD_SR.part_underbarrel_02_tether_snare,,Alt Fire - Tether Snare,"Fires a tether that creates Beams between all other tethers, dealing XXX Damage/s",
Order,Sniper,58,Underbarrel,ORD_SR.part_underbarrel_03_railgun,,Alt Fire - Railgun,Charge-fires dual Railguns that deal XXX x 2 Damage per shot. SHOCK,
Order,Sniper,59,Underbarrel,ORD_SR.part_underbarrel_04_atlas,,Atlas Tracker Darts,,
Order,Sniper,60,Foregrip,ORD_SR.part_foregrip_02,,+Crit Damage,,
Order,Sniper,61,Foregrip,ORD_SR.part_foregrip_03,,No Stat Changes,,
Order,Sniper,62,Underbarrel,ORD_SR.part_underbarrel_01_spear,,Alt Fire - Ordonite Spike,Launches a Spike that drains power from nearby enemies before exploding for up to XXX Damage,
Order,Sniper,63,Underbarrel,ORD_SR.part_underbarrel_04_atlas_ball,,Atlas Tracker Grenades,,
Order,Sniper,64,Foregrip,ORD_SR.part_foregrip_01,,+Damage,,
Order,Sniper,65,Manufacturer Part,ORD_SR.part_secondary_ammo_sm,,Daedalus SMG Ammo,,
Order,Sniper,66,Manufacturer Part,ORD_SR.part_secondary_ammo_sg,,Daedalus Shotgun Ammo,,
Order,Sniper,67,Manufacturer Part,ORD_SR.part_secondary_ammo_ar,,Daedalus AR Ammo,,
Order,Sniper,68,Manufacturer Part,ORD_SR.part_secondary_ammo_ps,,Daedalus Pistol Ammo,,
Order,Sniper,69,Manufacturer Part,ORD_SR.part_mag_torgue_normal,,Torgue Impact Gyrojets,,
Order,Sniper,70,Manufacturer Part,ORD_SR.part_mag_torgue_sticky,,Torgue Sticky Gyrojets,,
Order,Sniper,71,Magazine,ORD_SR.part_mag_03_tor,,"2.1s Reload, 9 Shots",,
Order,Sniper,72,Barrel,ORD_SR.part_barrel_02_symmetry,,"Symmetry, 3045 Damage, 92% Acc, 1.5/s FR",Bilateral - Fires from reserve Ammo while charging,
Order,Sniper,74,Magazine,ORD_SR.part_mag_01_fisheye,,"2.3s Reload, 3 Shots",Fisheye Mag,
Order,Sniper,75,Barrel,ORD_SR.part_barrel_01_fisheye,,"Fisheye, 4919 Damage, 83% Acc, 1.2/s FR, +40% Crit Damage","Ultima Raito Regum - Fires wide, penerating triple Railgun shots with +40% Critical Damage",
Ripper,Shotgun,1,Barrel,BOR_SG.part_barrel_02_goremaster,,"Goremaster, 349 x 6 Damage, 70% Acc, 3.0/s FR",Chief Execution Officer - Deals +30% Damage to enemies below 30% Health,
Ripper,Shotgun,2,Body,BOR_SG.part_body,,"No stat changes, always present",,
Ripper,Shotgun,3,Body Accessory,BOR_SG.part_body_a,,-Reload Speed,,
Ripper,Shotgun,4,Body Accessory,BOR_SG.part_body_b,,+Ammo,,
Ripper,Shotgun,5,Body Accessory,BOR_SG.part_body_c,,+Accuracy,,
Ripper,Shotgun,6,Body Accessory,BOR_SG.part_body_d,,No Stat Changes,,
Ripper,Shotgun,7,Barrel,BOR_SG.part_barrel_01,,"Weldwyrm, 376 x 4 Damage, 63% Acc, 4.5/s FR",,
Ripper,Shotgun,8,Barrel,BOR_SG.part_barrel_02,,"Hellhound, 314 x 6 Damage, 70% Acc, 3.0/s FR",,
Ripper,Shotgun,9,Manufacturer Part,BOR_SG.part_shield_default,,Hyperion Shield,,
Ripper,Shotgun,10,Manufacturer Part,BOR_SG.part_shield_ricochet,,Hyperion Ricochet Shield,,
Ripper,Shotgun,11,Manufacturer Part,BOR_SG.part_shield_ammo,,Hyperion Absorb Shield,,
Ripper,Shotgun,12,Manufacturer Part,BOR_SG.part_shield_amp,,Hyperion Amp Shield,,
Ripper,Shotgun,13,Magazine,BOR_SG.part_mag_04_cov,,"3.2s Reload, 20 Shots, CoV Mag",,
Ripper,Shotgun,14,Magazine,BOR_SG.part_mag_03_tor,,"2.6s Reload, 10 Shots",,
Ripper,Shotgun,15,Magazine,BOR_SG.part_mag_01,,"2.4s Reload, 15 Shots",,
Ripper,Shotgun,16,Magazine,BOR_SG.part_mag_02,,"2.6s Reload, 20 Shots",,
Ripper,Shotgun,17,Magazine,BOR_SG.part_mag_goldengod,,"3.2s Reload, 20 Shots, CoV Mag",Mag for Golden God,
Ripper,Shotgun,18,Barrel,BOR_SG.part_barrel_goldengod,,"Golden God, 376 x 4 Damage, 63% Acc, 4.5/s FR","Rage - When Overheating, the Bulletforge does not break, but instead continually consumes greater amounts of Ammo",
Ripper,Shotgun,22,Stat Modifier,BOR_SG.part_mag_ted_thrown_01,,2.0s Reload,,
Ripper,Shotgun,23,Stat Modifier,BOR_SG.part_mag_ted_thrown_02,,2.0s Reload,,
Ripper,Shotgun,24,Stat Modifier,BOR_SG.part_mag_ted_thrown_03_tor,,2.0s Reload,,
Ripper,Shotgun,25,Stat Modifier,BOR_SG.part_mag_ted_thrown_04_cov,,3.0s Reload,,
Ripper,Shotgun,26,Scope,BOR_SG.part_scope_02_lens_02,,ADS +++Zoom,Sniper Scope,
Ripper,Shotgun,27,Scope,BOR_SG.part_scope_02_lens_01,,ADS +++Zoom,,
Ripper,Shotgun,28,Scope,BOR_SG.part_scope_01_lens_02,,ADS ++Zoom,,
Ripper,Shotgun,29,Scope,BOR_SG.part_scope_01_lens_01,,ADS +Zoom,,
Ripper,Shotgun,30,Scope,BOR_SG.part_scope_ironsight,,ADS,,
Ripper,Shotgun,31,Scope Accessory,BOR_SG.part_scope_acc_s01_l01_a,,+Damage,Damage Type,
Ripper,Shotgun,32,Scope Accessory,BOR_SG.part_scope_acc_s01_l01_b,,-Reload Speed,"Mag Gauge, Compass",
Ripper,Shotgun,33,Scope Accessory,BOR_SG.part_scope_acc_s02_l01_a,,No Stat Changes,HUD Elements,
Ripper,Shotgun,34,Scope Accessory,BOR_SG.part_scope_acc_s02_l01_b,,+Crit Damage,Compass,
Ripper,Shotgun,35,Scope Accessory,BOR_SG.part_scope_acc_s01_l02_a,,+Damage,HUD Elements,
Ripper,Shotgun,36,Scope Accessory,BOR_SG.part_scope_acc_s01_l02_b,,-Reload Speed,HUD Elements,
Ripper,Shotgun,37,Scope Accessory,BOR_SG.part_scope_acc_s02_l02_a,,No Stat Changes,HUD Elements,
Ripper,Shotgun,38,Scope Accessory,BOR_SG.part_scope_acc_s02_l02_b,,+Crit Damage,Damage Type - Not ADS,
Ripper,Shotgun,39,Grip,BOR_SG.part_grip_05c_ted_jav,,"Tediore reload modifier: Javelin, no stat changes",,
Ripper,Shotgun,40,Grip,BOR_SG.part_grip_05a_ted_legs,,"Tediore reload modifier: Legs, no stat changes",,
Ripper,Shotgun,41,Grip,BOR_SG.part_grip_05b_ted_homing,,"Tediore reload modifier: Homing, no stat changes",,
Ripper,Shotgun,42,Grip,BOR_SG.part_grip_01,,+Damage,,
Ripper,Shotgun,43,Grip,BOR_SG.part_grip_02,,+Fire Rate,,
Ripper,Shotgun,44,Grip,BOR_SG.part_grip_03,,-Reload Speed,,
Ripper,Shotgun,45,Grip,BOR_SG.part_grip_04_hyp,,"Hyperion Grip, -Acc, Acc increases with continuous fire",,
Ripper,Shotgun,46,Underbarrel,BOR_SG.part_underbarrel_04_atlas_ball,,Atlas Tracker Grenades,,
Ripper,Shotgun,47,Underbarrel,BOR_SG.part_underbarrel_04_atlas,,Atlas Tracker Darts,,
Ripper,Shotgun,48,Underbarrel,BOR_SG.part_underbarrel_01_beam,,Alt Fire - Lightning Beam,Fires a Beam that deals XXX Shock Damage/s and can chain to an additional target,
Ripper,Shotgun,49,Underbarrel,BOR_SG.part_underbarrel_02_gauss,,Alt Fire - Gauss Gun,Chage-fires a Projectile that deals XXX Damage,
Ripper,Shotgun,50,Foregrip,BOR_SG.part_foregrip_01,,+Damage,,
Ripper,Shotgun,51,Foregrip,BOR_SG.part_foregrip_03,,+Accuracy,,
Ripper,Shotgun,52,Underbarrel,BOR_SG.part_underbarrel_05_ammoswitcher,,"Underbarrel switch, no effects",Used for Daedalus Ammo switch,
Ripper,Shotgun,53,Underbarrel,BOR_SG.part_underbarrel_06_malswitch,,"Underbarrel switch, no effects",Used for Maliwan elemental switch,
Ripper,Shotgun,60,Manufacturer Part,BOR_SG.part_secondary_ammo_smg,,Daedalus SMG Ammo,,
Ripper,Shotgun,61,Manufacturer Part,BOR_SG.part_secondary_ammo_ar,,Daedalus AR Ammo,,
Ripper,Shotgun,62,Manufacturer Part,BOR_SG.part_secondary_ammo_ps,,Daedalus Pistol Ammo,,
Ripper,Shotgun,63,Manufacturer Part,BOR_SG.part_secondary_ammo_sr,,Daedalus SR Ammo,,
Ripper,Shotgun,64,Barrel,BOR_SG.part_unique_barrel_02_convergence,,"Convergence, 390 x 3 Damage, 70% Acc, 3.0/s RL",Asymptotic,
Ripper,Shotgun,66,Barrel Accessory,BOR_SG.part_barrel_01_a,,+Damage,,
Ripper,Shotgun,67,Barrel Accessory,BOR_SG.part_barrel_01_b,,-Reload Speed,,
Ripper,Shotgun,68,Barrel Accessory,BOR_SG.part_barrel_01_c,,+Damage,,
Ripper,Shotgun,69,Barrel Accessory,BOR_SG.part_barrel_01_d,,+Accuracy,,
Ripper,Shotgun,70,Barrel Accessory,BOR_SG.part_barrel_02_a,,+Damage,,
Ripper,Shotgun,71,Barrel Accessory,BOR_SG.part_barrel_02_b,,+Accuracy,,
Ripper,Shotgun,72,Barrel Accessory,BOR_SG.part_barrel_02_c,,+Fire Rate,,
Ripper,Shotgun,73,Barrel Accessory,BOR_SG.part_barrel_02_d,,+Fire Rate,,
Ripper,Shotgun,74,Manufacturer Part,BOR_SG.part_barrel_licensed_jak,,Jakobs Ricochet,,
Ripper,Shotgun,75,Manufacturer Part,BOR_SG.part_barrel_licensed_ted,,"Tediore Reload, no stat changes",,
Ripper,Shotgun,76,Manufacturer Part,BOR_SG.part_barrel_licensed_ted_shooting,,"Tediore Shooting, no stat changes",,
Ripper,Shotgun,77,Manufacturer Part,BOR_SG.part_barrel_licensed_ted_mirv,,"Tediore MIRV, no stat changes",,
Ripper,Shotgun,78,Manufacturer Part,BOR_SG.part_barrel_licensed_ted_combo,,"Tediore Combo, no stat changes",,
Ripper,Shotgun,79,Manufacturer Part,BOR_SG.part_barrel_licensed_hyp,,"Hyperion Shield visual accessory, no stat changes",,
Ripper,Shotgun,80,Underbarrel,BOR_SG.part_underbarrel_03_discharge,,Alt Fire - Fuel Rod Discharge,Fires a spent Fuel Rod that explodes after 3s and deals XXX Radiation Damage,
Ripper,Shotgun,81,Foregrip,BOR_SG.part_foregrip_02,,+Fire Rate,,
Ripper,Shotgun,82,Manufacturer Part,BOR_SG.part_mag_torgue_normal,,Torgue Impact Gyrojets,,
Ripper,Shotgun,83,Manufacturer Part,BOR_SG.part_mag_torgue_sticky,,Torgue Sticky Gyrojets,,
Ripper,SMG,2,Body,BOR_SM.part_body,,"No stat changes, always present",,
Ripper,SMG,3,Body Accessory,BOR_SM.part_body_a,,-Reload Speed,,
Ripper,SMG,4,Body Accessory,BOR_SM.part_body_b,,+Ammo,,
Ripper,SMG,5,Body Accessory,BOR_SM.part_body_c,,+Accuracy,,
Ripper,SMG,6,Body Accessory,BOR_SM.part_body_d,,No Stat Changes,,
Ripper,SMG,7,Barrel,BOR_SM.part_barrel_01,,"Phage, 758 Damage, 72% Acc, 6.8/s FR",,
Ripper,SMG,8,Barrel,BOR_SM.part_barrel_02,,"Infestation, 848 Damage, 79% Acc, 5.5/s FR",,
Ripper,SMG,9,Manufacturer Part,BOR_SM.part_shield_default,,Hyperion Shield,,
Ripper,SMG,10,Manufacturer Part,BOR_SM.part_shield_ricochet,,Hyperion Ricochet Shield,,
Ripper,SMG,11,Manufacturer Part,BOR_SM.part_shield_ammo,,Hyperion Absorb Shield,,
Ripper,SMG,12,Manufacturer Part,BOR_SM.part_shield_amp,,Hyperion Amp Shield,,
Ripper,SMG,13,Magazine,BOR_SM.part_mag_01,,"2.1s Reload, 25 Shots",,
Ripper,SMG,14,Magazine,BOR_SM.part_mag_02,,"2.7s Reload, 30 Shots",,
Ripper,SMG,15,Magazine,BOR_SM.part_mag_03_tor,,"2.4s Reload, 20 Shots",,
Ripper,SMG,16,Magazine,BOR_SM.part_mag_04_cov,,"3.1s Reload, 25 Shots, CoV Mag",,
Ripper,SMG,17,Barrel,BOR_SM.part_barrel_02_prince,,"Prince Harming, 848 Damage, 79% Acc, 5.5/s FR","Pamplemousse - Hitting enemies deals xxx Damage to you, and grants a stack of Cruelty - which, on kill, restores xxx Overshield per Stack of Cruelty - Max 30 Stacks",
Ripper,SMG,20,Barrel,BOR_SM.part_barrel_01_hellfire,,"Hellfire, 758 Damage, 70% Acc, 6.8/s FR",Burning Desire,
Ripper,SMG,22,Stat Modifier,BOR_SM.part_mag_ted_thrown_01,,2.0s Reload,,
Ripper,SMG,23,Stat Modifier,BOR_SM.part_mag_ted_thrown_02,,2.0s Reload,,
Ripper,SMG,24,Stat Modifier,BOR_SM.part_mag_ted_thrown_03_tor,,2.0s Reload,,
Ripper,SMG,25,Stat Modifier,BOR_SM.part_mag_ted_thrown_04_cov,,3.0s Reload,,
Ripper,SMG,26,Scope,BOR_SM.part_scope_ironsight,,ADS,,
Ripper,SMG,27,Scope,BOR_SM.part_scope_01_lens_01,,ADS +Zoom,,
Ripper,SMG,28,Scope,BOR_SM.part_scope_01_lens_02,,ADS ++Zoom,,
Ripper,SMG,29,Scope,BOR_SM.part_scope_02_lens_01,,ADS +++Zoom,,
Ripper,SMG,30,Scope,BOR_SM.part_scope_02_lens_02,,ADS ++++Zoom,,
Ripper,SMG,31,Scope Accessory,BOR_SM.part_scope_acc_s01_l01_a,,+Damage,"Scope Hood, Charge Meter?",
Ripper,SMG,32,Scope Accessory,BOR_SM.part_scope_acc_s01_l01_b,,-Reload Speed,HUD Elements,
Ripper,SMG,33,Scope Accessory,BOR_SM.part_scope_acc_s02_l01_a,,No Stat Changes,Mag Counter,
Ripper,SMG,34,Scope Accessory,BOR_SM.part_scope_acc_s02_l01_b,,+Crit Damage,Damage Type,
Ripper,SMG,35,Scope Accessory,BOR_SM.part_scope_acc_s01_l02_a,,+Damage,Scope Hood,
Ripper,SMG,36,Scope Accessory,BOR_SM.part_scope_acc_s01_l02_b,,-Reload Speed,Damage Type,
Ripper,SMG,37,Scope Accessory,BOR_SM.part_scope_acc_s02_l02_a,,No Stat Changes,Unknown element on the right,
Ripper,SMG,38,Scope Accessory,BOR_SM.part_scope_acc_s02_l02_b,,+Crit Damage,HUD Elements,
Ripper,SMG,39,Grip,BOR_SM.part_grip_05a_ted_legs,,"Tediore reload modifier: Legs, no stat changes",,
Ripper,SMG,40,Grip,BOR_SM.part_grip_05c_ted_jav,,"Tediore reload modifier: Javelin, no stat changes",,
Ripper,SMG,41,Grip,BOR_SM.part_grip_05b_ted_homing,,"Tediore reload modifier: Homing, no stat changes",,
Ripper,SMG,42,Grip,BOR_SM.part_grip_01,,+Damage,,
Ripper,SMG,43,Grip,BOR_SM.part_grip_02,,+Fire Rate,,
Ripper,SMG,44,Grip,BOR_SM.part_grip_03,,-Reload Speed,,
Ripper,SMG,45,Grip,BOR_SM.part_grip_04_hyp,,"Hyperion Grip, -Acc, Acc increases with continuous fire",,
Ripper,SMG,46,Underbarrel,BOR_SM.part_underbarrel_03_gastrap,,Alt Fire - Gas Trap,"Fires a Projectile that explodes, causing a cloud of Noxious Gas that deals Corosive Damage to enemies over time",
Ripper,SMG,47,Underbarrel,BOR_SM.part_underbarrel_02_drunkrocket,,Alt Fire - Ripper Rocket Launcher,Launches a burst of 6 rockets that deal XXX Damage,
Ripper,SMG,48,Underbarrel,BOR_SM.part_underbarrel_06_malswitch,,"Underbarrel switch, no effects",Used for Maliwan elemental switch,
Ripper,SMG,49,Underbarrel,BOR_SM.part_underbarrel_04_atlas,,Atlas Tracker Darts,,
Ripper,SMG,50,Foregrip,BOR_SM.part_foregrip_01,,+Damage,,
Ripper,SMG,51,Foregrip,BOR_SM.part_foregrip_03,,+Accuracy,,
Ripper,SMG,52,Underbarrel,BOR_SM.part_underbarrel_01_shrapnel,,Alt Fire - Shrapnel Cannon,,
Ripper,SMG,53,Underbarrel,BOR_SM.part_underbarrel_04_atlas_ball,,Atlas Tracker Grenades,,
Ripper,SMG,54,Underbarrel,BOR_SM.part_underbarrel_05_ammoswitcher,,"Underbarrel switch, no effects",Used for Daedalus Ammo switch,
Ripper,SMG,55,Foregrip,BOR_SM.part_foregrip_02,,+Fire Rate,,
Ripper,SMG,62,Manufacturer Part,BOR_SM.part_secondary_ammo_sg,,Daedalus Shotgun Ammo,,
Ripper,SMG,63,Manufacturer Part,BOR_SM.part_secondary_ammo_ar,,Daedalus AR Ammo,,
Ripper,SMG,64,Manufacturer Part,BOR_SM.part_secondary_ammo_ps,,Daedalus Pistol Ammo,,
Ripper,SMG,65,Manufacturer Part,BOR_SM.part_secondary_ammo_sr,,Daedalus SR Ammo,,
Ripper,SMG,66,Barrel Accessory,BOR_SM.part_barrel_01_a,,+Damage,,
Ripper,SMG,67,Barrel Accessory,BOR_SM.part_barrel_01_b,,-Reload Speed,,
Ripper,SMG,68,Barrel Accessory,BOR_SM.part_barrel_01_c,,+Damage,,
Ripper,SMG,69,Barrel Accessory,BOR_SM.part_barrel_01_d,,+Accuracy,,
Ripper,SMG,70,Barrel Accessory,BOR_SM.part_barrel_02_a,,+Damage,,
Ripper,SMG,71,Barrel Accessory,BOR_SM.part_barrel_02_b,,+Accuracy,,
Ripper,SMG,72,Barrel Accessory,BOR_SM.part_barrel_02_c,,+Fire Rate,,
Ripper,SMG,73,Barrel Accessory,BOR_SM.part_barrel_02_d,,+Fire Rate,,
Ripper,SMG,74,Manufacturer Part,BOR_SM.part_barrel_licensed_jak,,Jakobs Ricochet,,
Ripper,SMG,75,Manufacturer Part,BOR_SM.part_barrel_licensed_ted,,"Tediore Reload, no stat changes",,
Ripper,SMG,76,Manufacturer Part,BOR_SM.part_barrel_licensed_ted_shooting,,"Tediore Shooting, no stat changes",,
Ripper,SMG,77,Manufacturer Part,BOR_SM.part_barrel_licensed_ted_mirv,,"Tediore MIRV, no stat changes",,
Ripper,SMG,78,Manufacturer Part,BOR_SM.part_barrel_licensed_ted_combo,,"Tediore Combo, no stat changes",,
Ripper,SMG,79,Manufacturer Part,BOR_SM.part_barrel_licensed_hyp,,,,
Ripper,SMG,80,Manufacturer Part,BOR_SM.part_mag_torgue_normal,,Torgue Impact Gyrojets,,
Ripper,SMG,81,Manufacturer Part,BOR_SM.part_mag_torgue_sticky,,Torgue Sticky Gyrojets,,
Ripper,Sniper,2,Body,BOR_SR.part_body,,"No stat changes, always present",,
Ripper,Sniper,3,Body Accessory,BOR_SR.part_body_a,,-Reload Speed,,
Ripper,Sniper,4,Body Accessory,BOR_SR.part_body_b,,+Ammo,,
Ripper,Sniper,5,Body Accessory,BOR_SR.part_body_c,,No Stat Changes,,
Ripper,Sniper,6,Body Accessory,BOR_SR.part_body_d,,No Stat Changes,,
Ripper,Sniper,7,Barrel,BOR_SR.part_barrel_01,,"Nullsaint, 2249 Damage, 90% Acc, 2.3/s FR",,
Ripper,Sniper,8,Barrel,BOR_SR.part_barrel_02,,"Daemon, 2647 Damage, 88% Acc, 1.5/s FR",,
Ripper,Sniper,9,Manufacturer Part,BOR_SR.part_shield_default,,Hyperion Shield,,
Ripper,Sniper,10,Manufacturer Part,BOR_SR.part_shield_ricochet,,Hyperion Ricochet Shield,,
Ripper,Sniper,11,Manufacturer Part,BOR_SR.part_shield_ammo,,Hyperion Absorb Shield,,
Ripper,Sniper,12,Manufacturer Part,BOR_SR.part_shield_amp,,Hyperion Amp Shield,,
Ripper,Sniper,13,Magazine,BOR_SR.part_mag_01,,"2.9s Reload, 10 Shots",,
Ripper,Sniper,14,Magazine,BOR_SR.part_mag_02,,"3.1s Reload, 16 Shots",,
Ripper,Sniper,15,Magazine,BOR_SR.part_mag_04_cov,,"4.0s Reload, 15 Shots, CoV Mag",,
Ripper,Sniper,16,Manufacturer Part,BOR_SR.part_mag_torgue_normal,,Torgue Impact Gyrojets,,
Ripper,Sniper,17,Manufacturer Part,BOR_SR.part_mag_torgue_sticky,,Torgue Sticky Gyrojets,,
Ripper,Sniper,20,Barrel,BOR_SR.part_barrel_01_stray,,"Stray, 1405 x 3 Damage, 90% Acc, 2.3/s FR",Stray - Fires 2 secondary bullets that home in on nearby targets,
Ripper,Sniper,21,Barrel,BOR_SR.part_barrel_02_vamoose,,"Vamoose, 2342 Damage, 93% Acc, 9.0/s FR",Scarce,
Ripper,Sniper,23,Stat Modifier,BOR_SR.part_mag_ted_thrown_01,,1.6s Reload,,
Ripper,Sniper,24,Stat Modifier,BOR_SR.part_mag_ted_thrown_02,,1.6s Reload,,
Ripper,Sniper,25,Stat Modifier,BOR_SR.part_mag_ted_thrown_03_tor,,1..6s Reload,,
Ripper,Sniper,26,Scope,BOR_SR.part_scope_ironsight,,ADS,,
Ripper,Sniper,27,Scope,BOR_SR.part_scope_01_lens_01,,ADS ++Zoom,,
Ripper,Sniper,28,Scope,BOR_SR.part_scope_01_lens_02,,ADS ++Zoom,,
Ripper,Sniper,29,Scope,BOR_SR.part_scope_02_lens_01,,ADS +++Zoom,,
Ripper,Sniper,30,Scope,BOR_SR.part_scope_02_lens_02,,ADS +++Zoom,,
Ripper,Sniper,31,Scope Accessory,BOR_SR.part_scope_acc_s01_l01_a,,+Damage,HUD Elements,
Ripper,Sniper,32,Scope Accessory,BOR_SR.part_scope_acc_s01_l01_b,,-Reload Speed,"Charge Gauge, Compass",
Ripper,Sniper,33,Scope Accessory,BOR_SR.part_scope_acc_s02_l01_a,,No Stat Changes,Scope Hood,
Ripper,Sniper,34,Scope Accessory,BOR_SR.part_scope_acc_s02_l01_b,,+Crit Damage,"Charge Gauge, Compass",
Ripper,Sniper,35,Scope Accessory,BOR_SR.part_scope_acc_s01_l02_a,,+Damage,HUD Elements,
Ripper,Sniper,36,Scope Accessory,BOR_SR.part_scope_acc_s01_l02_b,,-Reload Speed,"Charge Gauge, Compass",
Ripper,Sniper,37,Scope Accessory,BOR_SR.part_scope_acc_s02_l02_a,,No Stat Changes,HUD Elements,
Ripper,Sniper,38,Scope Accessory,BOR_SR.part_scope_acc_s02_l02_b,,+Crit Damage,"Charge Gauge, Scope Hood",
Ripper,Sniper,39,Grip,BOR_SR.part_grip_05a_ted_legs,,"Tediore reload modifier: Legs, no stat changes",,
Ripper,Sniper,40,Grip,BOR_SR.part_grip_05c_ted_jav,,"Tediore reload modifier: Javelin, no stat changes",,
Ripper,Sniper,41,Grip,BOR_SR.part_grip_05b_ted_homing,,"Tediore reload modifier: Homing, no stat changes",,
Ripper,Sniper,42,Grip,BOR_SR.part_grip_04_hyp,,"Hyperion Grip, -Acc, Acc increases with continuous fire",,
Ripper,Sniper,43,Grip,BOR_SR.part_grip_01,,+Damage,,
Ripper,Sniper,44,Grip,BOR_SR.part_grip_02,,+Fire Rate,,
Ripper,Sniper,45,Grip,BOR_SR.part_grip_03,,-Reload Speed,,
Ripper,Sniper,46,Underbarrel,BOR_SR.part_underbarrel_06_malswitch,,"Underbarrel switch, no effects",Used for Maliwan elemental switch,
Ripper,Sniper,47,Underbarrel,BOR_SR.part_underbarrel_02_seeker,,Alt Fire - Seeker Missles,,
Ripper,Sniper,48,Underbarrel,BOR_SR.part_underbarrel_01_gravtrap,,Alt Fire - Gravity Trap,"Fires a singularity that deals xxx Damage, and pulls in nearby enemies",
Ripper,Sniper,49,Underbarrel,BOR_SR.part_underbarrel_04_atlas,,Atlas Tracker Darts,,
Ripper,Sniper,50,Foregrip,BOR_SR.part_foregrip_01,,+Damage,,
Ripper,Sniper,51,Foregrip,BOR_SR.part_foregrip_03,,No Stat Changes,,
Ripper,Sniper,52,Foregrip,BOR_SR.part_foregrip_02,,+Fire Rate,,
Ripper,Sniper,53,Underbarrel,BOR_SR.part_underbarrel_05_ammoswitcher,,"Underbarrel switch, no effects",Used for Daedalus Ammo switch,
Ripper,Sniper,54,Underbarrel,BOR_SR.part_underbarrel_04_atlas_ball,,Atlas Tracker Grenades,,
Ripper,Sniper,55,Underbarrel,BOR_SR.part_underbarrel_03_marked,,Alt Fire - Target Marker,"Fires a marker that deals xxx Damage, Marking the enemy to receive and additional +35% Damage for 8s",
Ripper,Sniper,62,Manufacturer Part,BOR_SR.part_secondary_ammo_smg,,Daedalus SMG Ammo,,
Ripper,Sniper,63,Manufacturer Part,BOR_SR.part_secondary_ammo_sg,,Daedalus Shotgun Ammo,,
Ripper,Sniper,64,Manufacturer Part,BOR_SR.part_secondary_ammo_ar,,Daedalus AR Ammo,,
Ripper,Sniper,65,Manufacturer Part,BOR_SR.part_secondary_ammo_ps,,Daedalus Pistol Ammo,,
Ripper,Sniper,66,Barrel Accessory,BOR_SR.part_barrel_01_a,,+Damage,,
Ripper,Sniper,67,Barrel Accessory,BOR_SR.part_barrel_01_b,,-Reload Speed,,
Ripper,Sniper,68,Barrel Accessory,BOR_SR.part_barrel_01_c,,+Damage,,
Ripper,Sniper,69,Barrel Accessory,BOR_SR.part_barrel_01_d,,No Stat Changes,,
Ripper,Sniper,70,Barrel Accessory,BOR_SR.part_barrel_02_a,,+Damage,,
Ripper,Sniper,71,Barrel Accessory,BOR_SR.part_barrel_02_b,,+Accuracy,,
Ripper,Sniper,72,Barrel Accessory,BOR_SR.part_barrel_02_c,,+Fire Rate,,
Ripper,Sniper,73,Barrel Accessory,BOR_SR.part_barrel_02_d,,+Fire Rate,,
Ripper,Sniper,74,Manufacturer Part,BOR_SR.part_barrel_licensed_jak,,Jakobs Ricochet,,
Ripper,Sniper,75,Manufacturer Part,BOR_SR.part_barrel_licensed_ted,,"Tediore Reload, no stat changes",,
Ripper,Sniper,76,Manufacturer Part,BOR_SR.part_barrel_licensed_ted_shooting,,"Tediore Shooting, no stat changes",,
Ripper,Sniper,77,Manufacturer Part,BOR_SR.part_barrel_licensed_ted_mirv,,"Tediore MIRV, no stat changes",,
Ripper,Sniper,78,Manufacturer Part,BOR_SR.part_barrel_licensed_ted_combo,,"Tediore Combo, no stat changes",,
Ripper,Sniper,79,Manufacturer Part,BOR_SR.part_barrel_licensed_hyp,,Hyperion Shield,,
Ripper,Sniper,80,Stat Modifier,BOR_SR.part_mag_ted_thrown_04_cov,,3.0s Reload,,
Ripper,Sniper,81,Magazine,BOR_SR.part_mag_03_tor,,"2.3s Reload, 8 Shots",,
Tediore,Assault Rifle,1,Magazine,TED_AR.part_mag_01_Chuck,,"0.7s Reload, 10 Shots",,
Tediore,Assault Rifle,2,Body,TED_AR.part_body,,"No stat changes, always present",,
Tediore,Assault Rifle,3,Body Accessory,TED_AR.part_body_a,,No Stat Changes,,
Tediore,Assault Rifle,4,Body Accessory,TED_AR.part_body_b,,+Ammo,,
Tediore,Assault Rifle,5,Body Accessory,TED_AR.part_body_c,,+Accuracy,,
Tediore,Assault Rifle,6,Body Accessory,TED_AR.part_body_d,,No Stat Changes,,
Tediore,Assault Rifle,7,Barrel,TED_AR.part_barrel_01,,"Assaultomatic, 982 Damage, 71% Acc, 4.5/s FR",,
Tediore,Assault Rifle,8,Barrel,TED_AR.part_barrel_02,,"Perforator, 1153 Damage, 78% Acc, 3.7/s FR",,
Tediore,Assault Rifle,9,Manufacturer Part,TED_AR.part_barrel_licensed_ted_shooting,,"Tediore Shooting, no stat changes",,
Tediore,Assault Rifle,10,Manufacturer Part,TED_AR.part_barrel_licensed_ted_mirv,,"Tediore MIRV, no stat changes",,
Tediore,Assault Rifle,11,Manufacturer Part,TED_AR.part_barrel_licensed_ted_combo,,"Tediore Combo, no stat changes",,
Tediore,Assault Rifle,12,Manufacturer Part,TED_AR.part_barrel_licensed_ted_replicator,,"Tediore Replicator, no stat changes",,
Tediore,Assault Rifle,13,Manufacturer Part,TED_AR.part_multi_ted_shooting,,No Stat Changes,,
Tediore,Assault Rifle,14,Manufacturer Part,TED_AR.part_multi_ted_mirv,,No Stat Changes,,
Tediore,Assault Rifle,15,Manufacturer Part,TED_AR.part_multi_ted_combo,,No Stat Changes,,
Tediore,Assault Rifle,16,Manufacturer Part,TED_AR.part_multi_ted_replicator,,No Stat Changes,,
Tediore,Assault Rifle,17,Manufacturer Part,TED_AR.part_shield_default,,Hyperion Shield,,
Tediore,Assault Rifle,18,Manufacturer Part,TED_AR.part_shield_ricochet,,Hyperion Ricochet Shield,,
Tediore,Assault Rifle,19,Manufacturer Part,TED_AR.part_shield_ammo,,Hyperion Absorb Shield,,
Tediore,Assault Rifle,20,Manufacturer Part,TED_AR.part_shield_amp,,Hyperion Amp Shield,,
Tediore,Assault Rifle,21,Scope,TED_AR.part_scope_02_lens_02,,ADS +++Zoom,ADS +++Zoom,
Tediore,Assault Rifle,22,Scope,TED_AR.part_scope_02_lens_01,,ADS ++Zoom,ADS ++Zoom,
Tediore,Assault Rifle,23,Scope,TED_AR.part_scope_01_lens_02,,ADS,ADS,
Tediore,Assault Rifle,24,Scope,TED_AR.part_scope_01_lens_01,,ADS +Zoom,ADS +Zoom,
Tediore,Assault Rifle,25,Scope,TED_AR.part_scope_ironsight,,ADS,ADS,
Tediore,Assault Rifle,26,Scope Accessory,TED_AR.part_scope_acc_S01_L01_a,,+Damage,Scope Hood,
Tediore,Assault Rifle,27,Scope Accessory,TED_AR.part_scope_acc_S01_L01_b,,-Reload Speed,"Mag Counter, Damage Type",
Tediore,Assault Rifle,28,Scope Accessory,TED_AR.part_scope_acc_S02_L01_a,,No Stat Changes,HUD Elements,
Tediore,Assault Rifle,29,Scope Accessory,TED_AR.part_scope_acc_S02_L01_b,,+Crit Damage,Damage Type,
Tediore,Assault Rifle,30,Scope Accessory,TED_AR.part_scope_acc_S01_L02_a,,+Damage,"Distance, Scope Hood",
Tediore,Assault Rifle,31,Scope Accessory,TED_AR.part_scope_acc_S01_L02_b,,-Reload Speed,"Mag Counter, Damage Type",
Tediore,Assault Rifle,32,Scope Accessory,TED_AR.part_scope_acc_S02_L02_a,,No Stat Changes,Damage Type,
Tediore,Assault Rifle,33,Scope Accessory,TED_AR.part_scope_acc_S02_L02_b,,+Crit Damage,Scope Hood,
Tediore,Assault Rifle,34,Barrel,TED_AR.part_barrel_02_Chuck,,"Chuck, 982 Damage, 77% Acc, 3.4/s Reload",,
Tediore,Assault Rifle,39,Barrel,TED_AR.part_barrel_01_DividedFocus,,"Divided Focus, 1227 Damage, 72% Acc, 4.0/s FR",Conquerer - Fire bouncing Projectiles that pierce enemies,
Tediore,Assault Rifle,40,Manufacturer Part,TED_AR.part_barrel_licensed_ted_replicator_multi,,"Tediore Replicator, no stat changes",,
Tediore,Assault Rifle,41,Grip,TED_AR.part_grip_05a_ted_legs,,"Tediore reload modifier: Legs, no stat changes",,
Tediore,Assault Rifle,42,Grip,TED_AR.part_grip_05b_ted_jav,,"Tediore reload modifier: Javelin, no stat changes",,
Tediore,Assault Rifle,43,Grip,TED_AR.part_grip_05c_ted_homing,,"Tediore reload modifier: Homing, no stat changes",,
Tediore,Assault Rifle,44,Grip,TED_AR.part_grip_04_hyp,,"Hyperion Grip, -Acc, Acc increases with continuous fire",,
Tediore,Assault Rifle,45,Grip,TED_AR.part_grip_01,,+Damage,,
Tediore,Assault Rifle,46,Grip,TED_AR.part_grip_02,,+Fire Rate,,
Tediore,Assault Rifle,47,Grip,TED_AR.part_grip_03,,+Ammo,,
Tediore,Assault Rifle,48,Grip,TED_AR.part_grip_05a_ted_legs_mirv,,"Tediore reload modifier: Legs, no stat changes",,
Tediore,Assault Rifle,49,Manufacturer Part,TED_AR.part_mag_torgue_sticky_murder,,Torgue Sticky Gyrojets - Murmur,,
Tediore,Assault Rifle,50,Manufacturer Part,TED_AR.part_mag_torgue_normal_murder,,Torgue Impact Gyrojets - Murmur,,
Tediore,Assault Rifle,51,Barrel Accessory,TED_AR.part_barrel_01_a,,+Damage,,
Tediore,Assault Rifle,52,Barrel Accessory,TED_AR.part_barrel_01_b,,+Ammo,,
Tediore,Assault Rifle,53,Barrel Accessory,TED_AR.part_barrel_01_c,,+Ammo,,
Tediore,Assault Rifle,54,Barrel Accessory,TED_AR.part_barrel_01_d,,+Accuracy,,
Tediore,Assault Rifle,55,Barrel Accessory,TED_AR.part_barrel_02_a,,+Damage,,
Tediore,Assault Rifle,56,Barrel Accessory,TED_AR.part_barrel_02_b,,+Accuracy,,
Tediore,Assault Rifle,57,Barrel Accessory,TED_AR.part_barrel_02_c,,+Fire Rate,,
Tediore,Assault Rifle,58,Barrel Accessory,TED_AR.part_barrel_02_d,,+Fire Rate,,
Tediore,Assault Rifle,59,Manufacturer Part,TED_AR.part_barrel_licensed_jak,,Jakobs Ricochet,,
Tediore,Assault Rifle,60,Manufacturer Part,TED_AR.part_barrel_licensed_hyp,,"Hyperion Shield visual accessory, no stat changes",,
Tediore,Assault Rifle,61,Manufacturer Part,TED_AR.part_barrel_licensed_multi,,No Stat Changes,,
Tediore,Assault Rifle,62,Underbarrel,TED_AR.part_underbarrel_04_atlas_ball,,Atlas Tracker Grenades,,
Tediore,Assault Rifle,63,Underbarrel,TED_AR.part_underbarrel_04_atlas,,Atlas Tracker Darts,,
Tediore,Assault Rifle,64,Underbarrel,TED_AR.part_underbarrel_02_comboorb,,Alt Fire - COMBO,Fires an Orb that can be shot to deal xxx Damage to nearby enemies,
Tediore,Assault Rifle,65,Underbarrel,TED_AR.part_underbarrel_03_shotgun,,Alt Fire - Shotgun,,
Tediore,Assault Rifle,66,Foregrip,TED_AR.part_foregrip_01,,+Damage,,
Tediore,Assault Rifle,67,Foregrip,TED_AR.part_foregrip_03,,+Accuracy,,
Tediore,Assault Rifle,68,Underbarrel,TED_AR.part_underbarrel_01_buffdrone,,Alt Fire - Support Drone,,
Tediore,Assault Rifle,69,Underbarrel,TED_AR.part_underbarrel_06_malswitch,,"Underbarrel switch, no effects",Used for Maliwan elemental switch,
Tediore,Assault Rifle,70,Underbarrel,TED_AR.part_underbarrel_05_ammoswitcher,,"Underbarrel switch, no effects",Used for Daedalus Ammo switch,
Tediore,Assault Rifle,71,Foregrip,TED_AR.part_foregrip_02,,+Fire Rate,,
Tediore,Assault Rifle,72,Manufacturer Part,TED_AR.part_secondary_ammo_sm,,Daedalus SMG Ammo,,
Tediore,Assault Rifle,73,Manufacturer Part,TED_AR.part_secondary_ammo_sg,,Daedalus Shotgun Ammo,,
Tediore,Assault Rifle,74,Manufacturer Part,TED_AR.part_secondary_ammo_ps,,Daedalus Pistol Ammo,,
Tediore,Assault Rifle,75,Manufacturer Part,TED_AR.part_secondary_ammo_sr,,Daedalus SR Ammo,,
Tediore,Assault Rifle,76,Barrel,TED_AR.part_barrel_01_murder,,"Murmur, 1338 Damage, 72% Acc, 3.0/s FR",Executor - Deals Critical Damage to enemies under 35% health,
Tediore,Assault Rifle,82,Magazine,TED_AR.part_mag_01,,"2.2 Reload, 22 Shots",,
Tediore,Assault Rifle,83,Magazine,TED_AR.part_mag_02,,"2.6s Reload, 26 Shots",,
Tediore,Assault Rifle,84,Magazine,TED_AR.part_mag_03_tor,,"2.8s Reload, 18 Shots",,
Tediore,Assault Rifle,85,Magazine,TED_AR.part_mag_04_cov,,"3.6s Reload, 31 Shots, CoV Mag",,
Tediore,Assault Rifle,86,Magazine,TED_AR.part_mag_05_borg,,"2.8s Reload, 32 Shots, Ripper Mag",,
Tediore,Assault Rifle,87,Manufacturer Part,TED_AR.part_mag_torgue_normal,,Torgue Impact Gyrojets,,
Tediore,Assault Rifle,88,Manufacturer Part,TED_AR.part_mag_torgue_sticky,,Torgue Sticky Gyrojets,,
Tediore,Pistol,2,Body,TED_PS.part_body,,"No stat changes, always present",,
Tediore,Pistol,3,Body Accessory,TED_PS.part_body_a,,No Stat Changes,,
Tediore,Pistol,4,Body Accessory,TED_PS.part_body_b,,+Ammo,,
Tediore,Pistol,5,Body Accessory,TED_PS.part_body_c,,+Accuracy,,
Tediore,Pistol,6,Body Accessory,TED_PS.part_body_d,,No Stat Changes,,
Tediore,Pistol,7,Barrel,TED_PS.part_barrel_01,,"Pocketshot, 758 Damage, 52% Acc, 6.0/s FR",,
Tediore,Pistol,8,Barrel,TED_PS.part_barrel_02,,"Widget, 892 Damage, 67% Acc, 4.8/s FR",,
Tediore,Pistol,9,Manufacturer Part,TED_PS.part_barrel_licensed_ted_shooting,,"Tediore Shooting, no stat changes",,
Tediore,Pistol,10,Manufacturer Part,TED_PS.part_barrel_licensed_ted_mirv,,"Tediore MIRV, no stat changes",,
Tediore,Pistol,11,Manufacturer Part,TED_PS.part_barrel_licensed_ted_combo,,"Tediore Combo, no stat changes",,
Tediore,Pistol,12,Manufacturer Part,TED_PS.part_barrel_licensed_ted_replicator,,"Tediore Replicator, no stat changes",,
Tediore,Pistol,14,Manufacturer Part,TED_PS.part_multi_ted_shooting,,No Stat Changes,,
Tediore,Pistol,15,Manufacturer Part,TED_PS.part_multi_ted_mirv,,No Stat Changes,,
Tediore,Pistol,16,Manufacturer Part,TED_PS.part_multi_ted_combo,,No Stat Changes,,
Tediore,Pistol,17,Manufacturer Part,TED_PS.part_multi_ted_replicator,,No Stat Changes,,
Tediore,Pistol,18,Manufacturer Part,TED_PS.part_shield_default,,Hyperion Shield,,
Tediore,Pistol,19,Manufacturer Part,TED_PS.part_shield_ricochet,,Hyperion Ricochet Shield,,
Tediore,Pistol,20,Manufacturer Part,TED_PS.part_shield_ammo,,Hyperion Absorb Shield,,
Tediore,Pistol,21,Manufacturer Part,TED_PS.part_shield_amp,,Hyperion Amp Shield,,
Tediore,Pistol,22,Magazine,TED_PS.part_mag_01,,"1.4s Reload, 15 Shots",,
Tediore,Pistol,23,Magazine,TED_PS.part_mag_02,,"1.8s Reload, 20 Shots",,
Tediore,Pistol,24,Magazine,TED_PS.part_mag_03_tor,,"1.6s Reload, 13 Shots",,
Tediore,Pistol,25,Magazine,TED_PS.part_mag_04_cov,,"3.0s Reload, 27 Shots, CoV Mag",,
Tediore,Pistol,26,Magazine,TED_PS.part_mag_05_borg,,"2.5s Reload, 26 Shots, Ripper Mag",,
Tediore,Pistol,27,Manufacturer Part,TED_PS.part_mag_torgue_normal,,Torgue Impact Gyrojets,,
Tediore,Pistol,28,Manufacturer Part,TED_PS.part_mag_torgue_sticky,,Torgue Sticky Gyrojets,,
Tediore,Pistol,29,Scope,TED_PS.part_scope_ironsight,,ADS,,
Tediore,Pistol,30,Scope,TED_PS.part_scope_01_lens_01,,ADS ++Zoom,,
Tediore,Pistol,31,Scope,TED_PS.part_scope_01_lens_02,,ADS +++Zoom,,
Tediore,Pistol,32,Scope,TED_PS.part_scope_02_lens_01,,ADS +Zoom,,
Tediore,Pistol,33,Scope,TED_PS.part_scope_02_lens_02,,ADS +Zoom,,
Tediore,Pistol,34,Scope Accessory,TED_PS.part_scope_acc_s01_l01_a,,+Damage,Mag Counter,
Tediore,Pistol,35,Scope Accessory,TED_PS.part_scope_acc_s01_l01_b,,-Reload Speed,"HUD Elements, Scope Hood",
Tediore,Pistol,36,Scope Accessory,TED_PS.part_scope_acc_s02_l01_a,,No Stat Changes,Mag Counter,
Tediore,Pistol,37,Scope Accessory,TED_PS.part_scope_acc_s02_l01_b,,+Crit Damage,"+20% CD, HUD Elements, Scope Hood",
Tediore,Pistol,38,Scope Accessory,TED_PS.part_scope_acc_s01_l02_a,,+Damage,Mag Counter,
Tediore,Pistol,39,Scope Accessory,TED_PS.part_scope_acc_s01_l02_b,,-Reload Speed,Hud Elements,
Tediore,Pistol,40,Scope Accessory,TED_PS.part_scope_acc_s02_l02_a,,No Stat Changes,Damage Type,
Tediore,Pistol,41,Scope Accessory,TED_PS.part_scope_acc_s02_l02_b,,+Crit Damage,Scope Hood,
Tediore,Pistol,42,Grip,TED_PS.part_grip_05c_ted_jav,,"Tediore reload modifier: Javelin, no stat changes",,
Tediore,Pistol,43,Grip,TED_PS.part_grip_05b_ted_homing,,"Tediore reload modifier: Homing, no stat changes",,
Tediore,Pistol,44,Grip,TED_PS.part_grip_05a_ted_legs,,"Tediore reload modifier: Legs, no stat changes",,
Tediore,Pistol,45,Grip,TED_PS.part_grip_04_hyp,,"Hyperion Grip, -Acc, Acc increases with continuous fire",,
Tediore,Pistol,46,Grip,TED_PS.part_grip_01,,+Damage,,
Tediore,Pistol,47,Grip,TED_PS.part_grip_02,,+Fire Rate,,
Tediore,Pistol,48,Grip,TED_PS.part_grip_03,,+Ammo,,
Tediore,Pistol,49,Underbarrel,TED_PS.part_underbarrel_05_ammoswitcher,,"Underbarrel switch, no effects",Used for Daedalus Ammo switch,
Tediore,Pistol,50,Underbarrel,TED_PS.part_underbarrel_03_shotgun,,Alt Fire - Micro Shotgun,,
Tediore,Pistol,51,Underbarrel,TED_PS.part_underbarrel_06_malswitch,,"Underbarrel switch, no effects",Used for Maliwan elemental switch,
Tediore,Pistol,52,Underbarrel,TED_PS.part_underbarrel_04_atlas_ball,,Atlas Tracker Grenades,,
Tediore,Pistol,53,Foregrip,TED_PS.part_foregrip_01,,+Damage,,
Tediore,Pistol,54,Foregrip,TED_PS.part_foregrip_03,,+Accuracy,,
Tediore,Pistol,55,Manufacturer Part,TED_PS.part_barrel_licensed_ted_replicator_multi,,"Tediore Replicator, no stat changes",,
Tediore,Pistol,56,Grip,TED_PS.part_grip_05c_ted_jav_atlien,,Budget Deity,,
Tediore,Pistol,57,Grip,TED_PS.part_grip_05b_ted_homing_atlien,,Budget Deity,,
Tediore,Pistol,58,Manufacturer Part,TED_PS.part_multi_ted_combo_atlien,,Budget Deity,On all Budget Deity's???,
Tediore,Pistol,59,Barrel,TED_PS.part_barrel_02_atlien,,"Budget Deity, 892 Damage, 67% Acc, 4.8/s FR","D.O.P.E Buoys - Throws 2 Combo Orbs, which place the Atlas Target Lock on enemies damaged by the Combo Orbs",
Tediore,Pistol,61,Manufacturer Part,TED_PS.part_secondary_ammo_sm,,Daedalus SMG Ammo,,
Tediore,Pistol,62,Manufacturer Part,TED_PS.part_secondary_ammo_sg,,Daedalus Shotgun Ammo,,
Tediore,Pistol,63,Manufacturer Part,TED_PS.part_secondary_ammo_ar,,Daedalus AR Ammo,,
Tediore,Pistol,64,Manufacturer Part,TED_PS.part_secondary_ammo_sr,,Daedalus SR Ammo,,
Tediore,Pistol,65,Barrel,TED_PS.part_barrel_02_rubysgrasp,,"Ruby's Grasp, 736 Damage, 73% Acc, 7.2/s FR",Grasp - Reloading the Gun fires Homing copies,
Tediore,Pistol,67,Barrel,TED_PS.part_barrel_01_sideshow,,"Sideshow, 758 Damage, 88% Acc, 3.0/s FR","Juggler - Shoot as many targets as possible before they hit the ground, and refill up to 2 Ammo per target hit",
Tediore,Pistol,68,Barrel Accessory,TED_PS.part_barrel_01_a,,+Damage,,
Tediore,Pistol,69,Barrel Accessory,TED_PS.part_barrel_01_b,,+Ammo,,
Tediore,Pistol,70,Barrel Accessory,TED_PS.part_barrel_01_c,,+Ammo,,
Tediore,Pistol,71,Barrel Accessory,TED_PS.part_barrel_01_d,,+Accuracy,,
Tediore,Pistol,72,Barrel Accessory,TED_PS.part_barrel_02_a,,+Damage,,
Tediore,Pistol,73,Barrel Accessory,TED_PS.part_barrel_02_b,,+Accuracy,,
Tediore,Pistol,74,Barrel Accessory,TED_PS.part_barrel_02_c,,+Fire Rate,,
Tediore,Pistol,75,Barrel Accessory,TED_PS.part_barrel_02_d,,+Fire Rate,,
Tediore,Pistol,76,Manufacturer Part,TED_PS.part_barrel_licensed_jak,,Jakobs Ricochet,,
Tediore,Pistol,77,Manufacturer Part,TED_PS.part_barrel_licensed_hyp,,"Hyperion Shield visual accessory, no stat changes",,
Tediore,Pistol,78,Manufacturer Part,TED_PS.part_barrel_licensed_multi,,No Stat Changes,On all Budget Deity's???,
Tediore,Pistol,79,Underbarrel,TED_PS.part_underbarrel_02_rockets,,Alt Fire - Zip Rockets,,
Tediore,Pistol,80,Underbarrel,TED_PS.part_underbarrel_01_drone,,Alt Fire - Attack Drone,,
Tediore,Pistol,81,Underbarrel,TED_PS.part_underbarrel_04_atlas,,Atlas Tracker Darts,,
Tediore,Pistol,82,Foregrip,TED_PS.part_foregrip_02,,+Fire Rate,,
Tediore,Pistol,83,Grip,TED_PS.part_grip_05a_ted_legs_mirv,,"Tediore reload modifier: Legs, no stat changes",,
Tediore,Shotgun,2,Body,TED_SG.part_body,,"No stat changes, always present",,
Tediore,Shotgun,3,Body Accessory,TED_SG.part_body_a,,No Stat Changes,,
Tediore,Shotgun,4,Body Accessory,TED_SG.part_body_b,,+Ammo,,
Tediore,Shotgun,5,Body Accessory,TED_SG.part_body_c,,+Accuracy,,
Tediore,Shotgun,6,Body Accessory,TED_SG.part_body_d,,No Stat Changes,,
Tediore,Shotgun,7,Barrel,TED_SG.part_barrel_01,,"EZ-Blast, 460 x 8 Damage, 61% Acc, 1.3/s FR",,
Tediore,Shotgun,8,Barrel,TED_SG.part_barrel_02,,"Omnibore, 322 x 10 Damage, 56% Acc, 1.5/s FR",,
Tediore,Shotgun,9,Manufacturer Part,TED_SG.part_barrel_licensed_ted_shooting,,"Tediore Shooting, no stat changes",,
Tediore,Shotgun,10,Manufacturer Part,TED_SG.part_barrel_licensed_ted_mirv,,"Tediore MIRV, no stat changes",,
Tediore,Shotgun,11,Manufacturer Part,TED_SG.part_barrel_licensed_ted_combo,,"Tediore Combo, no stat changes",,
Tediore,Shotgun,12,Manufacturer Part,TED_SG.part_barrel_licensed_ted_replicator,,"Tediore Replicator, no stat changes",Throws an additional Gun on Reload,
Tediore,Shotgun,13,Manufacturer Part,TED_SG.part_multi_ted_shooting,,No Stat Changes,,
Tediore,Shotgun,14,Manufacturer Part,TED_SG.part_multi_ted_mirv,,No Stat Changes,,
Tediore,Shotgun,15,Manufacturer Part,TED_SG.part_multi_ted_combo,,No Stat Changes,,
Tediore,Shotgun,16,Manufacturer Part,TED_SG.part_multi_ted_replicator,,No Stat Changes,,
Tediore,Shotgun,17,Manufacturer Part,TED_SG.part_shield_default,,Hyperion Shield,,
Tediore,Shotgun,18,Manufacturer Part,TED_SG.part_shield_ricochet,,Hyperion Ricochet Shield,,
Tediore,Shotgun,19,Manufacturer Part,TED_SG.part_shield_ammo,,Hyperion Absorb Shield,,
Tediore,Shotgun,20,Manufacturer Part,TED_SG.part_shield_amp,,Hyperion Amp Shield,,
Tediore,Shotgun,21,Magazine,TED_SG.part_mag_05_borg,,"2.6s Reload, 13 Shots, Ripper Mag",,
Tediore,Shotgun,22,Magazine,TED_SG.part_mag_04_cov,,"3.0s Reload, 9 Shots, CoV Mag",,
Tediore,Shotgun,23,Magazine,TED_SG.part_mag_01,,"2.0s Reload, 9 Shots",,
Tediore,Shotgun,24,Magazine,TED_SG.part_mag_02,,"2.0s Reload, 11 Shots",,
Tediore,Shotgun,25,Magazine,TED_SG.part_mag_03_tor,,"2.0s Reload, 7 Shots",,
Tediore,Shotgun,26,Manufacturer Part,TED_SG.part_mag_torgue_normal,,Torgue Impact Gyrojets,,
Tediore,Shotgun,27,Manufacturer Part,TED_SG.part_mag_torgue_sticky,,Torgue Sticky Gyrojets,,
Tediore,Shotgun,28,Scope,TED_SG.part_scope_ironsight,,ADS,,
Tediore,Shotgun,29,Scope,TED_SG.part_scope_01_lens_01,,ADS +++Zoom,,
Tediore,Shotgun,30,Scope,TED_SG.part_scope_01_lens_02,,ADS ++Zoom,,
Tediore,Shotgun,31,Scope,TED_SG.part_scope_02_lens_01,,ADS +Zoom,,
Tediore,Shotgun,32,Scope,TED_SG.part_scope_02_lens_02,,ADS ++Zoom,,
Tediore,Shotgun,33,Scope Accessory,TED_SG.part_scope_acc_s01_l01_a,,+Damage,"Mag Counter, Distance",
Tediore,Shotgun,34,Scope Accessory,TED_SG.part_scope_acc_s01_l01_b,,-Reload Speed,Damage Type,
Tediore,Shotgun,35,Scope Accessory,TED_SG.part_scope_acc_s02_l01_a,,No Stat Changes,Scope hood,
Tediore,Shotgun,36,Scope Accessory,TED_SG.part_scope_acc_s02_l01_b,,+Crit Damage,Damage Type,
Tediore,Shotgun,37,Scope Accessory,TED_SG.part_scope_acc_s01_l02_a,,+Damage,Hud Elements,
Tediore,Shotgun,38,Scope Accessory,TED_SG.part_scope_acc_s01_l02_b,,-Reload Speed,Damage Type,
Tediore,Shotgun,39,Scope Accessory,TED_SG.part_scope_acc_s02_l02_a,,No Stat Changes,Mag/Ammo Counter,
Tediore,Shotgun,40,Scope Accessory,TED_SG.part_scope_acc_s02_l02_b,,+Crit Damage,Damage Type,
Tediore,Shotgun,41,Grip,TED_SG.part_grip_05a_ted_legs,,"Tediore reload modifier: Legs, no stat changes",,
Tediore,Shotgun,42,Grip,TED_SG.part_grip_05c_ted_jav,,"Tediore reload modifier: Javelin, no stat changes",,
Tediore,Shotgun,43,Grip,TED_SG.part_grip_05b_ted_homing,,"Tediore reload modifier: Homing, no stat changes",,
Tediore,Shotgun,44,Grip,TED_SG.part_grip_04_hyp,,"Hyperion Grip, -Acc, Acc increases with continuous fire",,
Tediore,Shotgun,45,Grip,TED_SG.part_grip_01,,+Damage,,
Tediore,Shotgun,46,Grip,TED_SG.part_grip_02,,+DPS with no visual stat change,,
Tediore,Shotgun,47,Grip,TED_SG.part_grip_03,,+Ammo,,
Tediore,Shotgun,48,Underbarrel,TED_SG.part_underbarrel_04_atlas,,Atlas Tracker Darts,,
Tediore,Shotgun,49,Underbarrel,TED_SG.part_underbarrel_04_atlas_ball,,Atlas Tracker Grenades,,
Tediore,Shotgun,50,Underbarrel,TED_SG.part_underbarrel_03_deployable_shield,,Alt Fire - Deployable Barrier,Deploys a Shield that blocks incoming Projectiles,
Tediore,Shotgun,51,Underbarrel,TED_SG.part_underbarrel_02_stickymine,,Alt Fire - Proximity Mines,,
Tediore,Shotgun,52,Foregrip,TED_SG.part_foregrip_01,,+Damage,,
Tediore,Shotgun,53,Foregrip,TED_SG.part_foregrip_03,,+Accuracy,,
Tediore,Shotgun,54,Foregrip,TED_SG.part_foregrip_02,,+DPS with no visual stat change,,
Tediore,Shotgun,55,Underbarrel,TED_SG.part_underbarrel_05_ammoswitcher,,"Underbarrel switch, no effects",Used for Daedalus Ammo switch,
Tediore,Shotgun,56,Underbarrel,TED_SG.part_underbarrel_06_malswitch,,"Underbarrel switch, no effects",Used for Maliwan elemental switch,
Tediore,Shotgun,57,Underbarrel,TED_SG.part_underbarrel_01_autoturret,,Alt Fire - Digital Backup,Deploys a Tediore Assault Rifle with legs that fires at enemies,
Tediore,Shotgun,58,Manufacturer Part,TED_SG.part_secondary_ammo_sm,,Daedalus SMG Ammo,,
Tediore,Shotgun,59,Manufacturer Part,TED_SG.part_secondary_ammo_ps,,Daedalus Pistol Ammo,,
Tediore,Shotgun,60,Manufacturer Part,TED_SG.part_secondary_ammo_ar,,Daedalus AR Ammo,,
Tediore,Shotgun,61,Manufacturer Part,TED_SG.part_secondary_ammo_sr,,Daedalus SR Ammo,,
Tediore,Shotgun,62,Barrel Accessory,TED_SG.part_barrel_01_a,,+Damage,,
Tediore,Shotgun,63,Barrel Accessory,TED_SG.part_barrel_01_b,,+Ammo,,
Tediore,Shotgun,64,Barrel Accessory,TED_SG.part_barrel_01_c,,+Ammo,,
Tediore,Shotgun,65,Barrel Accessory,TED_SG.part_barrel_01_d,,+Accuracy,,
Tediore,Shotgun,66,Barrel Accessory,TED_SG.part_barrel_02_a,,+Damage,,
Tediore,Shotgun,67,Barrel Accessory,TED_SG.part_barrel_02_b,,+Accuracy,,
Tediore,Shotgun,68,Barrel Accessory,TED_SG.part_barrel_02_c,,+Fire Rate,,
Tediore,Shotgun,69,Barrel Accessory,TED_SG.part_barrel_02_d,,+Fire Rate,,
Tediore,Shotgun,70,Manufacturer Part,TED_SG.part_barrel_licensed_jak,,Jakobs Ricochet,,
Tediore,Shotgun,71,Manufacturer Part,TED_SG.part_barrel_licensed_hyp,,"Hyperion Shield visual accessory, no stat changes",,
Tediore,Shotgun,72,Manufacturer Part,TED_SG.part_barrel_licensed_multi,,No Stat Changes,,
Tediore,Shotgun,73,Grip,TED_SG.part_grip_05a_ted_legs_mirv,,"Tediore reload modifier: Legs, no stat changes",,
Tediore,Shotgun,74,Manufacturer Part,TED_SG.part_barrel_licensed_ted_replicator_multi,,No Stat Changes,,
Tediore,Shotgun,75,Barrel,TED_SG.part_barrel_01_anarchy,,"Anarchy, 335 x 12 Damage, 61% Acc, 1.6/s FR, 2 Shot",,
Tediore,Shotgun,77,Barrel,TED_SG.part_barrel_01_commbd,,"Forsaken Chaos, 480 x 8 Damage, 61% Acc, 1.3/s FR, 2 Shot",,
Tediore,Shotgun,79,Underbarrel,TED_SG.part_underbarrel_01_heavyturret,,Husky Auto Turret,Legendary Perk,
Torgue,Assault Rifle,3,Body Accessory,TOR_AR.part_body_a,,-Reload Speed,,
Torgue,Assault Rifle,4,Body Accessory,TOR_AR.part_body_b,,+Damage,,
Torgue,Assault Rifle,5,Body Accessory,TOR_AR.part_body_c,,+Accuracy,,
Torgue,Assault Rifle,6,Body Accessory,TOR_AR.part_body_d,,No Stat Changes,,
Torgue,Assault Rifle,7,Barrel,TOR_AR.part_barrel_01,,"Handle, 1160 Damage, 75% Acc, 3.5/s FR",,
Torgue,Assault Rifle,8,Barrel,TOR_AR.part_barrel_02,,"Truncheon, 1517 Damage, 76% Acc, 2.5/s FR",,
Torgue,Assault Rifle,9,Manufacturer Part,TOR_AR.part_shield_default,,Hyperion Shield,,
Torgue,Assault Rifle,10,Manufacturer Part,TOR_AR.part_shield_ricochet,,Hyperion Ricochet Shield,,
Torgue,Assault Rifle,11,Manufacturer Part,TOR_AR.part_shield_ammo,,Hyperion Absorb Shield,,
Torgue,Assault Rifle,12,Manufacturer Part,TOR_AR.part_shield_amp,,Hyperion Amp Shield,,
Torgue,Assault Rifle,13,Magazine,TOR_AR.part_mag_01,,"2.0s Reload, 14 Shots",,
Torgue,Assault Rifle,14,Magazine,TOR_AR.part_mag_02,,"2.8s Reload, 20 Shots",,
Torgue,Assault Rifle,15,Magazine,TOR_AR.part_mag_04_cov,,"4.0s Reload, 25 Chots, CoV Mag",,
Torgue,Assault Rifle,16,Magazine,TOR_AR.part_mag_05_borg,,"2.4s Reload, 24 Shots, Ripper Mag",,
Torgue,Assault Rifle,17,Stat Modifier,TOR_AR.part_mag_ted_thrown_01,,2.0s Reload,,
Torgue,Assault Rifle,18,Stat Modifier,TOR_AR.part_mag_ted_thrown_02,,2.0s Reload,,
Torgue,Assault Rifle,19,Stat Modifier,TOR_AR.part_mag_ted_thrown_04_cov,,3.0s Reload,,
Torgue,Assault Rifle,20,Stat Modifier,TOR_AR.part_mag_ted_thrown_05_bor,,3.0s Reload,,
Torgue,Assault Rifle,21,Scope,TOR_AR.part_scope_ironsight,,ADS,,
Torgue,Assault Rifle,22,Scope,TOR_AR.part_scope_01_lens_01,,ADS,Mag/Ammo Counter,
Torgue,Assault Rifle,23,Scope,TOR_AR.part_scope_01_lens_02,,ADS +Zoom,,
Torgue,Assault Rifle,24,Scope,TOR_AR.part_scope_02_lens_01,,ADS ++Zoom,,
Torgue,Assault Rifle,25,Scope,TOR_AR.part_scope_02_lens_02,,ADS ++Zoom,,
Torgue,Assault Rifle,26,Scope Accessory,TOR_AR.part_scope_acc_s01_l01_a,,+Damage,HUD Elements,
Torgue,Assault Rifle,27,Scope Accessory,TOR_AR.part_scope_acc_s01_l01_b,,-Reload Speed,,
Torgue,Assault Rifle,28,Scope Accessory,TOR_AR.part_scope_acc_s02_l01_a,,No Stat Changes,Mag/Ammo Counter,
Torgue,Assault Rifle,29,Scope Accessory,TOR_AR.part_scope_acc_s02_l01_b,,+Blast Radius,Compass,
Torgue,Assault Rifle,30,Scope Accessory,TOR_AR.part_scope_acc_s01_l02_a,,+Damage,HUD Elements,
Torgue,Assault Rifle,31,Scope Accessory,TOR_AR.part_scope_acc_s01_l02_b,,-Reload Speed,Compass,
Torgue,Assault Rifle,32,Scope Accessory,TOR_AR.part_scope_acc_s02_l02_a,,No Stat Changes,"Mag Counter, Shield, Health",
Torgue,Assault Rifle,33,Scope Accessory,TOR_AR.part_scope_acc_s02_l02_b,,+Blast Radius,Ammo Counter,
Torgue,Assault Rifle,34,Grip,TOR_AR.part_grip_05a_ted_legs,,"Tediore reload modifier: Legs, no stat changes",,
Torgue,Assault Rifle,35,Grip,TOR_AR.part_grip_05c_ted_jav,,"Tediore reload modifier: Javelin, no stat changes",,
Torgue,Assault Rifle,36,Grip,TOR_AR.part_grip_05b_ted_homing,,"Tediore reload modifier: Homing, no stat changes",,
Torgue,Assault Rifle,37,Grip,TOR_AR.part_grip_01,,+Damage,,
Torgue,Assault Rifle,38,Grip,TOR_AR.part_grip_02,,+Fire Rate,,
Torgue,Assault Rifle,39,Grip,TOR_AR.part_grip_03,,-Reload Speed,,
Torgue,Assault Rifle,40,Grip,TOR_AR.part_grip_04_hyp,,"Hyperion Grip, -Acc, Acc increases with continuous fire",,
Torgue,Assault Rifle,41,Underbarrel,TOR_AR.part_underbarrel_05_ammoswitcher,,"Underbarrel switch, no effects",Used for Daedalus Ammo switch,
Torgue,Assault Rifle,42,Underbarrel,TOR_AR.part_underbarrel_06_malswitch,,"Underbarrel switch, no effects",Used for Maliwan elemental switch,
Torgue,Assault Rifle,43,Underbarrel,TOR_AR.part_underbarrel_01_mirvgrenade,,Alt Fire - MIRV Grenade Launcher,,
Torgue,Assault Rifle,44,Underbarrel,TOR_AR.part_underbarrel_04_atlas_ball,,Atlas Tracker Grenades,,
Torgue,Assault Rifle,45,Underbarrel,TOR_AR.part_underbarrel_03_airstrike,,Alt Fire - Airstrike,,
Torgue,Assault Rifle,46,Foregrip,TOR_AR.part_foregrip_02,,+Fire Rate,,
Torgue,Assault Rifle,47,Foregrip,TOR_AR.part_foregrip_03,,+Blast Radius,,
Torgue,Assault Rifle,48,Manufacturer Part,TOR_AR.part_secondary_ammo_smg,,Daedalus SMG Ammo,,
Torgue,Assault Rifle,49,Manufacturer Part,TOR_AR.part_secondary_ammo_sg,,Daedalus Shotgun Ammo,,
Torgue,Assault Rifle,50,Manufacturer Part,TOR_AR.part_secondary_ammo_ps,,Daedalus Pistol Ammo,,
Torgue,Assault Rifle,51,Manufacturer Part,TOR_AR.part_secondary_ammo_sr,,Daedalus SR Ammo,,
Torgue,Assault Rifle,52,Body,TOR_AR.part_body,,"No stat changes, always present",,
Torgue,Assault Rifle,54,Barrel,TOR_AR.part_barrel_02_bugbear,,"Bugbear, 1124 Damage, 78% Acc, 5.5/s FR",Rotary Gun - Scales up to +200% Damage and +200% Damage Radius based on the emptiness of the magazine,
Torgue,Assault Rifle,55,Barrel,TOR_AR.part_barrel_coldshoulder,,"Cold Shoulder, 1285 Damage, 78% Acc, 5.5/s FR",Iced Out,
Torgue,Assault Rifle,57,Foregrip,TOR_AR.part_foregrip_01_pt,,+Damage,,
Torgue,Assault Rifle,58,Barrel Accessory,TOR_AR.part_barrel_01_a,,+Damage,,
Torgue,Assault Rifle,59,Barrel Accessory,TOR_AR.part_barrel_01_b,,+Damage,,
Torgue,Assault Rifle,60,Barrel Accessory,TOR_AR.part_barrel_01_c,,+Blast Radius,,
Torgue,Assault Rifle,61,Barrel Accessory,TOR_AR.part_barrel_01_d,,+Accuracy,,
Torgue,Assault Rifle,62,Barrel Accessory,TOR_AR.part_barrel_02_a,,+Damage,,
Torgue,Assault Rifle,63,Barrel Accessory,TOR_AR.part_barrel_02_b,,+Accuracy,,
Torgue,Assault Rifle,64,Barrel Accessory,TOR_AR.part_barrel_02_c,,+Fire Rate,,
Torgue,Assault Rifle,65,Barrel Accessory,TOR_AR.part_barrel_02_d,,+Fire Rate,,
Torgue,Assault Rifle,66,Manufacturer Part,TOR_AR.part_barrel_licensed_jak,,Jakobs Ricochet,,
Torgue,Assault Rifle,67,Manufacturer Part,TOR_AR.part_barrel_licensed_ted,,"Tediore Reload, no stat changes",,
Torgue,Assault Rifle,68,Manufacturer Part,TOR_AR.part_barrel_licensed_ted_shooting,,"Tediore Shooting, no stat changes",,
Torgue,Assault Rifle,69,Manufacturer Part,TOR_AR.part_barrel_licensed_ted_mirv,,"Tediore MIRV, no stat changes",,
Torgue,Assault Rifle,70,Manufacturer Part,TOR_AR.part_barrel_licensed_ted_combo,,"Tediore Combo, no stat changes",,
Torgue,Assault Rifle,71,Manufacturer Part,TOR_AR.part_barrel_licensed_hyp,,"Hyperion Shield visual accessory, no stat changes",,
Torgue,Assault Rifle,72,Underbarrel,TOR_AR.part_underbarrel_02_shotgun,,Alt Fire - Sticky Shotgun,,
Torgue,Assault Rifle,73,Underbarrel,TOR_AR.part_underbarrel_04_atlas,,Atlas Tracker Darts,,
Torgue,Assault Rifle,74,Foregrip,TOR_AR.part_foregrip_01,,+Damage,,
Torgue,Assault Rifle,75,Foregrip,TOR_AR.part_foregrip_03_pt,,+Blast Radius,,
Torgue,Assault Rifle,76,Foregrip,TOR_AR.part_foregrip_02_pt,,+Fire Rate,,
Torgue,Assault Rifle,77,Barrel,TOR_AR.part_barrel_potatothrower,,"Potato Thrower IV, 580 Damage, 75% Acc, 5.5/s FR",Spud Gun,
Torgue,Pistol,2,Body,TOR_PS.part_body,,"No stat changes, always present",,
Torgue,Pistol,3,Body Accessory,TOR_PS.part_body_a,,-Reload Speed,,
Torgue,Pistol,4,Body Accessory,TOR_PS.part_body_b,,+Damage,,
Torgue,Pistol,5,Body Accessory,TOR_PS.part_body_c,,+Accuracy,,
Torgue,Pistol,6,Body Accessory,TOR_PS.part_body_d,,No Stat Changes,,
Torgue,Pistol,7,Barrel,TOR_PS.part_barrel_01,,"Kitty, 1785 DMG, 64% Acc, 2.5/s FR",,
Torgue,Pistol,8,Barrel,TOR_PS.part_barrel_02,,"Lotus, 2231 DMG, 65% Acc, 1.8/s FR",,
Torgue,Pistol,9,Manufacturer Part,TOR_PS.part_shield_default,,Hyperion Shield,,
Torgue,Pistol,10,Manufacturer Part,TOR_PS.part_shield_ricochet,,Hyperion Ricochet Shield,,
Torgue,Pistol,11,Manufacturer Part,TOR_PS.part_shield_ammo,,Hyperion Absorb Shield,,
Torgue,Pistol,12,Manufacturer Part,TOR_PS.part_shield_amp,,Hyperion Amp Shield,,
Torgue,Pistol,13,Magazine,TOR_PS.part_mag_01,,"1.8s Reload, 6 Shots",,
Torgue,Pistol,14,Magazine,TOR_PS.part_mag_02,,"2.3s Reload, 8 Shots",,
Torgue,Pistol,15,Magazine,TOR_PS.part_mag_04_cov,,"3.5s Reload, 8 Shots CoV Magazine",,
Torgue,Pistol,16,Magazine,TOR_PS.part_mag_05_borg,,"2.8s Reload, 10 Shots, Ripper Magazine",,
Torgue,Pistol,17,Stat Modifier,TOR_PS.part_mag_ted_thrown_01,,2.0s Reload,,
Torgue,Pistol,18,Stat Modifier,TOR_PS.part_mag_ted_thrown_02,,2.0s Reload,,
Torgue,Pistol,19,Stat Modifier,TOR_PS.part_mag_ted_thrown_04_cov,,3.0s Reload,,
Torgue,Pistol,20,Stat Modifier,TOR_PS.part_mag_ted_thrown_05_bor,,3.0s Reload,,
Torgue,Pistol,21,Scope,TOR_PS.part_scope_ironsight,,ADS,,
Torgue,Pistol,22,Scope,TOR_PS.part_scope_01_lens_01,,ADS,,
Torgue,Pistol,23,Scope,TOR_PS.part_scope_01_lens_02,,ADS +Zoom,,
Torgue,Pistol,24,Scope,TOR_PS.part_scope_02_lens_01,,ADS ++Zoom,,
Torgue,Pistol,25,Scope,TOR_PS.part_scope_02_lens_02,,ADS +++Zoom,,
Torgue,Pistol,26,Scope Accessory,TOR_PS.part_scope_acc_s01_l01_a,,+Damage,"Mag Counter, Compass",
Torgue,Pistol,27,Scope Accessory,TOR_PS.part_scope_acc_s01_l01_b,,-Reload Speed,Scope Hood,
Torgue,Pistol,28,Scope Accessory,TOR_PS.part_scope_acc_s02_l01_a,,No Stat Changes,Mag/Ammo Counter,
Torgue,Pistol,29,Scope Accessory,TOR_PS.part_scope_acc_s02_l01_b,,+Blast Radius,Compass,
Torgue,Pistol,30,Scope Accessory,TOR_PS.part_scope_acc_s01_l02_a,,+Damage,Mag/Ammo Counter,
Torgue,Pistol,31,Scope Accessory,TOR_PS.part_scope_acc_s01_l02_b,,-Reload Speed,"Compass, Scope Hood",
Torgue,Pistol,32,Scope Accessory,TOR_PS.part_scope_acc_s02_l02_a,,No Stat Changes,"Ammo Counter, Compass",
Torgue,Pistol,33,Scope Accessory,TOR_PS.part_scope_acc_s02_l02_b,,+Blast Radius,Bullet Drop Gauge,
Torgue,Pistol,34,Grip,TOR_PS.part_grip_05b_ted_homing,,"Tediore reload modifier: Homing, no stat changes",,
Torgue,Pistol,35,Grip,TOR_PS.part_grip_05c_ted_jav,,"Tediore reload modifier: Javelin, no stat changes",,
Torgue,Pistol,36,Grip,TOR_PS.part_grip_05a_ted_legs,,"Tediore reload modifier: Legs, no stat changes",,
Torgue,Pistol,37,Grip,TOR_PS.part_grip_01,,+Damage,,
Torgue,Pistol,38,Grip,TOR_PS.part_grip_02,,+Fire Rate,,
Torgue,Pistol,39,Grip,TOR_PS.part_grip_03,,-Reload Speed,,
Torgue,Pistol,40,Grip,TOR_PS.part_grip_04_hyp,,"Hyperion Grip, -Acc, Acc increases with continuous fire",,
Torgue,Pistol,41,Underbarrel,TOR_PS.part_underbarrel_05_ammoswitcher,,"Underbarrel switch, no effects",Used for Daedalus Ammo switch,
Torgue,Pistol,42,Underbarrel,TOR_PS.part_underbarrel_06_malswitch,,"Underbarrel switch, no effects",Used for Maliwan elemental switch,
Torgue,Pistol,43,Underbarrel,TOR_PS.part_underbarrel_04_atlas_ball,,Atlas Tracker Grenades,,
Torgue,Pistol,44,Underbarrel,TOR_PS.part_underbarrel_01_rockets,,Alt Fire - Magnum Rockets,,
Torgue,Pistol,45,Underbarrel,TOR_PS.part_underbarrel_03_cleaver,,Alt Fire - Turbine Cleaver,,
Torgue,Pistol,46,Foregrip,TOR_PS.part_foregrip_02,,+Fire Rate,Adding foregrip to tediore guns enables torgue gyrojets,
Torgue,Pistol,47,Foregrip,TOR_PS.part_foregrip_03,,+Blast Radius,,
Torgue,Pistol,48,Manufacturer Part,TOR_PS.part_secondary_ammo_smg,,Daedalus SMG Ammo,,
Torgue,Pistol,49,Manufacturer Part,TOR_PS.part_secondary_ammo_sg,,Daedalus Shotgun Ammo,,
Torgue,Pistol,50,Manufacturer Part,TOR_PS.part_secondary_ammo_ar,,Daedalus AR Ammo,,
Torgue,Pistol,51,Manufacturer Part,TOR_PS.part_secondary_ammo_sr,,Daedalus SR Ammo,,
Torgue,Pistol,52,Barrel,TOR_PS.part_barrel_02_queensrest,,"Queen's Rest, 2231 DMG, 65% Acc, 2.6/s FR","Royal Armory - Fires high-speed rounds, and damaging enemies has a 50% Chance to spawn a Homing Sticky Projectile",
Torgue,Pistol,54,Barrel,TOR_PS.part_barrel_01_roach,,"Roach, 1338 DMG, 64% Acc, 2.2/s FR","Flesh Eaters - Shoots eggs that hatch flying roaches when attached to flesh, living or dead",
Torgue,Pistol,60,Barrel Accessory,TOR_PS.part_barrel_01_a,,+Damage,,
Torgue,Pistol,61,Barrel Accessory,TOR_PS.part_barrel_01_b,,+Damage,,
Torgue,Pistol,62,Barrel Accessory,TOR_PS.part_barrel_01_c,,+Blast Radius,,
Torgue,Pistol,63,Barrel Accessory,TOR_PS.part_barrel_01_d,,+Accuracy,,
Torgue,Pistol,64,Barrel Accessory,TOR_PS.part_barrel_02_a,,+Damage,,
Torgue,Pistol,65,Barrel Accessory,TOR_PS.part_barrel_02_b,,+Accuracy,,
Torgue,Pistol,66,Barrel Accessory,TOR_PS.part_barrel_02_c,,+DPS with no visual stat change,,
Torgue,Pistol,67,Barrel Accessory,TOR_PS.part_barrel_02_d,,+DPS with no visual stat change,,
Torgue,Pistol,68,Manufacturer Part,TOR_PS.part_barrel_licensed_jak,,Jakobs Ricochet,,
Torgue,Pistol,69,Manufacturer Part,TOR_PS.part_barrel_licensed_ted,,"Tediore Reload, no stat changes",,
Torgue,Pistol,70,Manufacturer Part,TOR_PS.part_barrel_licensed_ted_shooting,,"Tediore Shooting, no stat changes",,
Torgue,Pistol,71,Manufacturer Part,TOR_PS.part_barrel_licensed_ted_mirv,,"Tediore MIRV, no stat changes",,
Torgue,Pistol,72,Manufacturer Part,TOR_PS.part_barrel_licensed_ted_combo,,"Tediore Combo, no stat changes",,
Torgue,Pistol,73,Manufacturer Part,TOR_PS.part_barrel_licensed_hyp,,"Hyperion Grip, -Acc, Acc increases with continuous fire",,
Torgue,Pistol,74,Underbarrel,TOR_PS.part_underbarrel_04_atlas,,Atlas Tracker Darts,,
Torgue,Pistol,75,Underbarrel,TOR_PS.part_underbarrel_02_blowback,,Alt Fire - Exhaust Blast,,
Torgue,Pistol,76,Foregrip,TOR_PS.part_foregrip_01,,+Damage,,
Torgue,Shotgun,2,Body,TOR_SG.part_body,,"No stat changes, always present",,
Torgue,Shotgun,3,Body Accessory,TOR_SG.part_body_a,,-Reload Speed,,
Torgue,Shotgun,4,Body Accessory,TOR_SG.part_body_b,,+Damage,,
Torgue,Shotgun,5,Body Accessory,TOR_SG.part_body_c,,+Accuracy,,
Torgue,Shotgun,6,Body Accessory,TOR_SG.part_body_d,,No Stat Changes,,
Torgue,Shotgun,7,Barrel,TOR_SG.part_barrel_01,,"Rider, 1485 x 4 DMG, 67% Acc, 1.2/s FR - 2 Shot",,
Torgue,Shotgun,8,Barrel,TOR_SG.part_barrel_02,,"Crank, 1673 x 4 DMG, 70% Acc, 1.0/s FR - 2 Shot",,
Torgue,Shotgun,9,Manufacturer Part,TOR_SG.part_shield_default,,Hyperion Shield,,
Torgue,Shotgun,10,Manufacturer Part,TOR_SG.part_shield_ricochet,,Hyperion Ricochet Shield,,
Torgue,Shotgun,11,Manufacturer Part,TOR_SG.part_shield_ammo,,Hyperion Absorb Shield,,
Torgue,Shotgun,12,Manufacturer Part,TOR_SG.part_shield_amp,,Hyperion Amp Shield,,
Torgue,Shotgun,13,Magazine,TOR_SG.part_mag_05_borg,,"2.4s Reload, 10 Shots",,
Torgue,Shotgun,14,Magazine,TOR_SG.part_mag_04_cov,,"3.3s Reload, 8 Shots",,
Torgue,Shotgun,15,Magazine,TOR_SG.part_mag_01,,"2.0s Reload, 8 Shots",,
Torgue,Shotgun,16,Magazine,TOR_SG.part_mag_02,,"1.2s Reload, 12 Shots",,
Torgue,Shotgun,17,Stat Modifier,TOR_SG.part_mag_ted_thrown_01,,2.0s Reload,,
Torgue,Shotgun,18,Stat Modifier,TOR_SG.part_mag_ted_thrown_02,,2.0s Reload,,
Torgue,Shotgun,19,Stat Modifier,TOR_SG.part_mag_ted_thrown_04_cov,,3.0s Reload,,
Torgue,Shotgun,20,Stat Modifier,TOR_SG.part_mag_ted_thrown_05_bor,,3.0s Reload,,
Torgue,Shotgun,21,Scope,TOR_SG.part_scope_ironsight,,ADS,,
Torgue,Shotgun,22,Scope,TOR_SG.part_scope_01_lens_01,,ADS,,
Torgue,Shotgun,23,Scope,TOR_SG.part_scope_01_lens_02,,ADS +Zoom,,
Torgue,Shotgun,24,Scope,TOR_SG.part_scope_02_lens_01,,ADS +Zoom,,
Torgue,Shotgun,25,Scope,TOR_SG.part_scope_02_lens_02,,ADS +Zoom,,
Torgue,Shotgun,26,Scope Accessory,TOR_SG.part_scope_acc_s01_l01_a,,+Damage,HUD Elements,
Torgue,Shotgun,27,Scope Accessory,TOR_SG.part_scope_acc_s01_l01_b,,-Reload Speed,Mag/Ammo Counter,
Torgue,Shotgun,28,Scope Accessory,TOR_SG.part_scope_acc_s02_l01_a,,No Stat Changes,HUD Elements,
Torgue,Shotgun,29,Scope Accessory,TOR_SG.part_scope_acc_s02_l01_b,,+Blast Radius,Bullet Drop Gauge,
Torgue,Shotgun,30,Scope Accessory,TOR_SG.part_scope_acc_s01_l02_a,,+Damage,HUD Elements,
Torgue,Shotgun,31,Scope Accessory,TOR_SG.part_scope_acc_s01_l02_b,,-Reload Speed,Mag/Ammo Counter,
Torgue,Shotgun,32,Scope Accessory,TOR_SG.part_scope_acc_s02_l02_a,,No Stat Changes,Bullet Drop Gauge,
Torgue,Shotgun,33,Scope Accessory,TOR_SG.part_scope_acc_s02_l02_b,,+Blast Radius,"Mag Counter, Distance",
Torgue,Shotgun,34,Grip,TOR_SG.part_grip_05c_ted_jav,,"Tediore reload modifier: Javelin, no stat changes",,
Torgue,Shotgun,35,Grip,TOR_SG.part_grip_05b_ted_homing,,"Tediore reload modifier: Homing, no stat changes",,
Torgue,Shotgun,36,Grip,TOR_SG.part_grip_05a_ted_legs,,"Tediore reload modifier: Legs, no stat changes",,
Torgue,Shotgun,37,Grip,TOR_SG.part_grip_01,,+Damage,,
Torgue,Shotgun,38,Grip,TOR_SG.part_grip_02,,+Fire Rate,,
Torgue,Shotgun,39,Grip,TOR_SG.part_grip_03,,-Reload Speed,,
Torgue,Shotgun,40,Grip,TOR_SG.part_grip_04_hyp,,"Hyperion Grip, -Acc, Acc increases with continuous fire",,
Torgue,Shotgun,41,Underbarrel,TOR_SG.part_underbarrel_05_ammoswitcher,,"Underbarrel switch, no effects",Used for Daedalus Ammo switch,
Torgue,Shotgun,42,Underbarrel,TOR_SG.part_underbarrel_06_malswitch,,"Underbarrel switch, no effects",Used for Maliwan elemental switch,
Torgue,Shotgun,43,Underbarrel,TOR_SG.part_underbarrel_01_seeker_missiles,,Alt Fire - Seeker Missles,,
Torgue,Shotgun,44,Underbarrel,TOR_SG.part_underbarrel_03_bounce_grenade,,Alt Fire - Rolling Thunder Grenades,,
Torgue,Shotgun,45,Underbarrel,TOR_SG.part_underbarrel_04_atlas,,Atlas Tracker Darts,,
Torgue,Shotgun,46,Foregrip,TOR_SG.part_foregrip_02,,+Fire Rate,,
Torgue,Shotgun,47,Foregrip,TOR_SG.part_foregrip_03,,+Blast Radius,,
Torgue,Shotgun,48,Foregrip,TOR_SG.part_foregrip_01,,+Damage,,
Torgue,Shotgun,49,Underbarrel,TOR_SG.part_underbarrel_04_atlas_ball,,Atlas Tracker Grenades,,
Torgue,Shotgun,50,Underbarrel,TOR_SG.part_underbarrel_02_flameblast,,Alt Fire - Flame Blast,,
Torgue,Shotgun,51,Manufacturer Part,TOR_SG.part_secondary_ammo_smg,,Daedalus SMG Ammo,,
Torgue,Shotgun,52,Manufacturer Part,TOR_SG.part_secondary_ammo_ps,,Daedalus Pistol Ammo,,
Torgue,Shotgun,53,Manufacturer Part,TOR_SG.part_secondary_ammo_ar,,Daedalus AR Ammo,,
Torgue,Shotgun,54,Manufacturer Part,TOR_SG.part_secondary_ammo_sr,,Daedalus SR Ammo,,
Torgue,Shotgun,56,Barrel,TOR_SG.part_barrel_02_leadballoon,,"Lead Balloon, 1255 x 3 DMG, 70% Acc, 1.8/s FR - 2 Shot",Lightweight - Projectiles float upward and spawn child Projectiles upon exploding,
Torgue,Shotgun,58,Barrel,TOR_SG.part_barrel_01_linebacker,,"Linebacker, 781 x 4 DMG, 67% Acc, 1.0/s FR",Full Coverage - Bouncing Projectiles increase Damage by 25% and Damage Radius by 35% per bounce,
Torgue,Shotgun,61,Barrel Accessory,TOR_SG.part_barrel_01_a,,+Damage,,
Torgue,Shotgun,62,Barrel Accessory,TOR_SG.part_barrel_01_b,,+Damage,,
Torgue,Shotgun,63,Barrel Accessory,TOR_SG.part_barrel_01_c,,+Blast Radius,,
Torgue,Shotgun,64,Barrel Accessory,TOR_SG.part_barrel_01_d,,+Accuracy,,
Torgue,Shotgun,65,Barrel Accessory,TOR_SG.part_barrel_02_a,,+Damage,,
Torgue,Shotgun,66,Barrel Accessory,TOR_SG.part_barrel_02_b,,+Accuracy,,
Torgue,Shotgun,67,Barrel Accessory,TOR_SG.part_barrel_02_c,,+DPS with no visual stat change,,
Torgue,Shotgun,68,Barrel Accessory,TOR_SG.part_barrel_02_d,,+DPS with no visual stat change,,
Torgue,Shotgun,69,Manufacturer Part,TOR_SG.part_barrel_licensed_jak,,Jakobs Ricochet,,
Torgue,Shotgun,70,Manufacturer Part,TOR_SG.part_barrel_licensed_ted,,"Tediore Reload, no stat changes",,
Torgue,Shotgun,71,Manufacturer Part,TOR_SG.part_barrel_licensed_ted_shooting,,"Tediore Shooting, no stat changes",,
Torgue,Shotgun,72,Manufacturer Part,TOR_SG.part_barrel_licensed_ted_mirv,,"Tediore MIRV, no stat changes",,
Torgue,Shotgun,73,Manufacturer Part,TOR_SG.part_barrel_licensed_ted_combo,,"Tediore Combo, no stat changes",,
Torgue,Shotgun,74,Manufacturer Part,TOR_SG.part_barrel_licensed_hyp,,"Hyperion Shield visual accessory, no stat changes",,
Vladof,Assault Rifle,1,Barrel,VLA_AR.part_barrel_01_lucian,,"Lucian's Flank, 647 DMG, 76% Acc, 11.5/s FR",Trample - Critical Hits refill up to 2 Ammo to the Gun's Magazine,
Vladof,Assault Rifle,2,Body,VLA_AR.part_body,,"No stat changes, always present",,
Vladof,Assault Rifle,3,Body Accessory,VLA_AR.part_body_a,,-Reload Speed,,
Vladof,Assault Rifle,4,Body Accessory,VLA_AR.part_body_b,,+Ammo,,
Vladof,Assault Rifle,5,Body Accessory,VLA_AR.part_body_c,,+Accuracy,,
Vladof,Assault Rifle,6,Body Accessory,VLA_AR.part_body_d,,No Stat Changes,,
Vladof,Assault Rifle,7,Barrel,VLA_AR.part_barrel_01,,"Buzzymuzz, 435 DMG, 78% Acc, 11.5/s FR",,
Vladof,Assault Rifle,8,Barrel,VLA_AR.part_barrel_02,,"Gruppagrak, 468 DMG, 82% Acc, 9.9/s FR",,
Vladof,Assault Rifle,9,Manufacturer Part,VLA_AR.part_shield_default,,Hyperion Shield,,
Vladof,Assault Rifle,10,Manufacturer Part,VLA_AR.part_shield_ricochet,,Hyperion Ricochet Shield,,
Vladof,Assault Rifle,11,Manufacturer Part,VLA_AR.part_shield_ammo,,Hyperion Absorb Shield,,
Vladof,Assault Rifle,12,Manufacturer Part,VLA_AR.part_shield_amp,,Hyperion Amp Shield,,
Vladof,Assault Rifle,13,Magazine,VLA_AR.part_mag_01,,"2.9s Reload, 40 Shots",,
Vladof,Assault Rifle,14,Magazine,VLA_AR.part_mag_02,,"3.4s Reload, 50 Shots",,
Vladof,Assault Rifle,15,Magazine,VLA_AR.part_mag_03_tor,,"2.8s Reload, 30 Shots, +Damage, +Acc, -Fire Rate",,
Vladof,Assault Rifle,16,Magazine,VLA_AR.part_mag_04_cov,,"5.5s Reload, 61 Shots, -Damage, -Acc",,
Vladof,Assault Rifle,17,Magazine,VLA_AR.part_mag_05_borg,,"3.7s Reload, 60 Shots, -Damage, +Fire Rate",,
Vladof,Assault Rifle,18,Manufacturer Part,VLA_AR.part_mag_torgue_normal,,Torgue Impact Gyrojets,,
Vladof,Assault Rifle,19,Manufacturer Part,VLA_AR.part_mag_torgue_sticky,,Torgue Sticky Gyrojets,,
Vladof,Assault Rifle,20,Stat Modifier,VLA_AR.part_mag_ted_thrown_01,,2.0s Reload,,
Vladof,Assault Rifle,21,Stat Modifier,VLA_AR.part_mag_ted_thrown_02,,2.0s Reload,,
Vladof,Assault Rifle,22,Stat Modifier,VLA_AR.part_mag_ted_thrown_03_tor,,2.0s Reload,,
Vladof,Assault Rifle,23,Stat Modifier,VLA_AR.part_mag_ted_thrown_04_cov,,3.0s Reload,,
Vladof,Assault Rifle,24,Stat Modifier,VLA_AR.part_mag_ted_thrown_05_bor,,3.0s Reload,,
Vladof,Assault Rifle,25,Scope,VLA_AR.part_scope_ironsight,,ADS,,
Vladof,Assault Rifle,26,Scope,VLA_AR.part_scope_01_lens_01,,ADS +Zoom,,
Vladof,Assault Rifle,27,Scope,VLA_AR.part_scope_01_lens_02,,ADS +Zoom,,
Vladof,Assault Rifle,28,Scope,VLA_AR.part_scope_02_lens_01,,ADS +++Zoom,,
Vladof,Assault Rifle,29,Scope,VLA_AR.part_scope_02_lens_02,,ADS ++Zoom,,
Vladof,Assault Rifle,30,Scope Accessory,VLA_AR.part_scope_acc_s01_l01_a,,+Damage,,
Vladof,Assault Rifle,31,Scope Accessory,VLA_AR.part_scope_acc_s01_l01_b,,-Reload Speed,,
Vladof,Assault Rifle,32,Scope Accessory,VLA_AR.part_scope_acc_s02_l01_a,,No Stat Changes,,
Vladof,Assault Rifle,33,Scope Accessory,VLA_AR.part_scope_acc_s02_l01_b,,+Ammo,,
Vladof,Assault Rifle,34,Scope Accessory,VLA_AR.part_scope_acc_s01_l02_a,,+Damage,,
Vladof,Assault Rifle,35,Scope Accessory,VLA_AR.part_scope_acc_s01_l02_b,,-Reload Speed,,
Vladof,Assault Rifle,36,Scope Accessory,VLA_AR.part_scope_acc_s02_l02_a,,No Stat Changes,,
Vladof,Assault Rifle,37,Scope Accessory,VLA_AR.part_scope_acc_s02_l02_b,,+Ammo,,
Vladof,Assault Rifle,38,Grip,VLA_AR.part_grip_05a_ted_legs,,"Tediore reload modifier: Legs, no stat changes",,
Vladof,Assault Rifle,39,Grip,VLA_AR.part_grip_05c_ted_jav,,"Tediore reload modifier: Javelin, no stat changes",,
Vladof,Assault Rifle,40,Grip,VLA_AR.part_grip_05b_ted_homing,,"Tediore reload modifier: Homing, no stat changes",,
Vladof,Assault Rifle,41,Grip,VLA_AR.part_grip_01,,+Damage,,
Vladof,Assault Rifle,42,Grip,VLA_AR.part_grip_02,,+Fire Rate,,
Vladof,Assault Rifle,43,Grip,VLA_AR.part_grip_03,,-Reload Speed,,
Vladof,Assault Rifle,44,Grip,VLA_AR.part_grip_04_hyp,,"Hyperion Grip, -Acc, Acc increases with continuous fire",,
Vladof,Assault Rifle,45,Underbarrel,VLA_AR.part_underbarrel_05_ammoswitcher,,"Underbarrel switch, no effects",Used for Daedalus Ammo switch,
Vladof,Assault Rifle,46,Underbarrel,VLA_AR.part_underbarrel_04_atlas_ball,,Atlas Tracker Grenades,,
Vladof,Assault Rifle,47,Underbarrel,VLA_AR.part_underbarrel_04_atlas,,Atlas Tracker Darts,,
Vladof,Assault Rifle,48,Underbarrel,VLA_AR.part_underbarrel_03_bipod,,Alt Fire - Bipod,,
Vladof,Assault Rifle,49,Underbarrel,VLA_AR.part_underbarrel_01_grenadelauncher,,Alt Fire - Grenade Launcher,,
Vladof,Assault Rifle,50,Underbarrel Accessory,VLA_AR.part_underbarrel_grenade_acc,,No Stat Changes,,
Vladof,Assault Rifle,51,Underbarrel Accessory,VLA_AR.part_underbarrel_shotgun_acc,,Increases Shotgun DMG,,
Vladof,Assault Rifle,52,Underbarrel Accessory,VLA_AR.part_underbarrel_bipod_acc,,Alt Fire - Motile Bipod,,
Vladof,Assault Rifle,53,Underbarrel Accessory,VLA_AR.part_underbarrel_secondbarrel_acc_a,,No Stat Changes,,
Vladof,Assault Rifle,54,Underbarrel Accessory,VLA_AR.part_underbarrel_secondbarrel_acc_b,,+Ammo,,
Vladof,Assault Rifle,55,Underbarrel Accessory,VLA_AR.part_underbarrel_secondbarrel_acc_c,,No Stat Changes,,
Vladof,Assault Rifle,56,Foregrip,VLA_AR.part_foregrip_01,,+Damage,,
Vladof,Assault Rifle,57,Foregrip,VLA_AR.part_foregrip_02,,+Fire Rate,,
Vladof,Assault Rifle,58,Foregrip,VLA_AR.part_foregrip_03,,+Accuracy,,
Vladof,Assault Rifle,59,Manufacturer Part,VLA_AR.part_secondary_ammo_ps,,Daedalus Pistol Ammo,,
Vladof,Assault Rifle,60,Manufacturer Part,VLA_AR.part_secondary_ammo_sg,,Daedalus Shotgun Ammo,,
Vladof,Assault Rifle,61,Manufacturer Part,VLA_AR.part_secondary_ammo_sm,,Daedalus SMG Ammo,,
Vladof,Assault Rifle,62,Manufacturer Part,VLA_AR.part_secondary_ammo_sr,,Daedalus SR Ammo,,
Vladof,Assault Rifle,64,Barrel,VLA_AR.part_barrel_01_wombocombo,,"Wombo Combo, 580 DMG, 78% Acc, 12.0/s FR",Rip Rockets - Rockets automatically fire from the Underbarrel,
Vladof,Assault Rifle,66,Underbarrel Accessory,VLA_AR.part_underbarrel_07_acc_vis,,No Stat Changes,,
Vladof,Assault Rifle,67,Underbarrel Accessory,VLA_AR.part_underbarrel_07_b,,No Stat Changes,,
Vladof,Assault Rifle,69,Underbarrel,VLA_AR.part_underbarrel_07_dualdamage,,Aegon's Dream Alt Fire - Extra Barrel,,
Vladof,Assault Rifle,70,Barrel,VLA_AR.part_barrel_01_dualdamage,,"Aegon's Dream, 482 DMG, 76% Acc, 12.5/s FR",Prophetic,
Vladof,Assault Rifle,71,Manufacturer Part,VLA_AR.part_barrel_licensed_ted_combo,,"Tediore Combo, no stat changes",,
Vladof,Assault Rifle,72,Barrel Accessory,VLA_AR.part_barrel_01_a,,+Damage,,
Vladof,Assault Rifle,73,Barrel Accessory,VLA_AR.part_barrel_01_b,,+Crit Damage,,
Vladof,Assault Rifle,74,Barrel Accessory,VLA_AR.part_barrel_01_c,,+Ammo,,
Vladof,Assault Rifle,75,Barrel Accessory,VLA_AR.part_barrel_01_d,,+Accuracy,,
Vladof,Assault Rifle,76,Barrel Accessory,VLA_AR.part_barrel_02_a,,+Damage,,
Vladof,Assault Rifle,77,Barrel Accessory,VLA_AR.part_barrel_02_b,,+Accuracy,,
Vladof,Assault Rifle,78,Barrel Accessory,VLA_AR.part_barrel_02_c,,+Fire Rate,,
Vladof,Assault Rifle,79,Barrel Accessory,VLA_AR.part_barrel_02_d,,+Fire Rate,,
Vladof,Assault Rifle,80,Manufacturer Part,VLA_AR.part_barrel_licensed_jak,,Jakobs Ricochet,,
Vladof,Assault Rifle,81,Manufacturer Part,VLA_AR.part_barrel_licensed_ted,,"Tediore Reload, no stat changes",,
Vladof,Assault Rifle,82,Manufacturer Part,VLA_AR.part_barrel_licensed_ted_shooting,,"Tediore Shooting, no stat changes",,
Vladof,Assault Rifle,83,Manufacturer Part,VLA_AR.part_barrel_licensed_ted_mirv,,"Tediore MIRV, no stat changes",,
Vladof,Assault Rifle,84,Manufacturer Part,VLA_AR.part_barrel_licensed_hyp,,"Hyperion Shield visual accessory, no stat changes",,
Vladof,Assault Rifle,85,Underbarrel,VLA_AR.part_underbarrel_06_malswitch,,"Underbarrel switch, no effects",Used for Maliwan elemental switch,
Vladof,Assault Rifle,86,Underbarrel,VLA_AR.part_underbarrel_07_secondbarrel,,Alt Fire - Extra Barrel,,
Vladof,Assault Rifle,87,Underbarrel,VLA_AR.part_underbarrel_02_shotgun,,Alt Fire - Shotgun,,
Vladof,Assault Rifle,89,Underbarrel Accessory,VLA_AR.part_underbarrel_overdrive_acc,,No Stat Changes,,
Vladof,Assault Rifle,90,Underbarrel,VLA_AR.part_underbarrel_wf_overdrive,,Overdrive - Switches to a secondary Magazine that can be fired on Full Auto,,
Vladof,Assault Rifle,91,Underbarrel Accessory,VLA_AR.part_underbarrel_scrap_acc,,Increases Scrap Cannon Damage,,
Vladof,Assault Rifle,92,Underbarrel,VLA_AR.part_underbarrel_02_wf_scrapcannon,,Scrap Cannon - Fires a spread of shrapnel from teh Underbarrel,,
Vladof,Assault Rifle,94,Barrel,VLA_AR.part_barrel_wf,,"Whiskey Foxtrot, 848 DMG, 84% Acc, 6.1/s FR",,
Vladof,SMG,2,Body,VLA_SM.part_body,,"No stat changes, always present",,
Vladof,SMG,3,Body Accessory,VLA_SM.part_body_a,,-Reload Speed,,
Vladof,SMG,4,Body Accessory,VLA_SM.part_body_b,,+Ammo,,
Vladof,SMG,5,Body Accessory,VLA_SM.part_body_c,,+Accuracy,,
Vladof,SMG,6,Body Accessory,VLA_SM.part_body_d,,No Stat Changes,,
Vladof,SMG,7,Barrel,VLA_SM.part_barrel_01,,"Boory, 424 DMG, 66% Acc, 12.3/s Fire Rate",,
Vladof,SMG,8,Barrel,VLA_SM.part_barrel_02,,"Flewdy, 491 DMG, 73% Acc, 9.2/s Fire Rate",,
Vladof,SMG,9,Manufacturer Part,VLA_SM.part_shield_default,,Hyperion Shield,,
Vladof,SMG,10,Manufacturer Part,VLA_SM.part_shield_ricochet,,Hyperion Ricochet Shield,,
Vladof,SMG,11,Manufacturer Part,VLA_SM.part_shield_ammo,,Hyperion Absorb Shield,,
Vladof,SMG,12,Manufacturer Part,VLA_SM.part_shield_amp,,Hyperion Amp Shield,,
Vladof,SMG,13,Magazine,VLA_SM.part_mag_01,,"2.4s Reload, 30 Shots",,
Vladof,SMG,14,Magazine,VLA_SM.part_mag_02,,"3.5s Reload, 35 Shots, +Damage",,
Vladof,SMG,15,Magazine,VLA_SM.part_mag_03_tor,,"2.2s Reload, 25 Shots, -Damage, +Acc, -Fire Rate",,
Vladof,SMG,16,Magazine,VLA_SM.part_mag_04_cov,,"4.4s Reload, 40 Shots, +Damage, -Acc",,
Vladof,SMG,17,Magazine,VLA_SM.part_mag_05_borg,,"2.3s Reload, 40 Shots, +Fire Rate",,
Vladof,SMG,18,Manufacturer Part,VLA_SM.part_mag_torgue_normal,,Torgue Impact Gyrojets,,
Vladof,SMG,19,Manufacturer Part,VLA_SM.part_mag_torgue_sticky,,Torgue Sticky Gyrojets,,
Vladof,SMG,20,Stat Modifier,VLA_SM.part_mag_ted_thrown_01,,1.6s Reload,,
Vladof,SMG,21,Stat Modifier,VLA_SM.part_mag_ted_thrown_02,,1.6s Reload,,
Vladof,SMG,22,Stat Modifier,VLA_SM.part_mag_ted_thrown_03_tor,,1.6s Reload,,
Vladof,SMG,23,Stat Modifier,VLA_SM.part_mag_ted_thrown_04_cov,,3.0s Reload,,
Vladof,SMG,24,Stat Modifier,VLA_SM.part_mag_ted_thrown_05_bor,,2.5s Reload,,
Vladof,SMG,25,Body Accessory,VLA_SM.part_body_flap,,No Stat Changes,,
Vladof,SMG,26,Scope,VLA_SM.part_scope_ironsight,,ADS,,
Vladof,SMG,27,Scope,VLA_SM.part_scope_01_lens_01,,ADS +Zoom,,
Vladof,SMG,28,Scope,VLA_SM.part_scope_01_lens_02,,ADS,,
Vladof,SMG,29,Scope,VLA_SM.part_scope_02_lens_01,,ADS ++Zoom,,
Vladof,SMG,30,Scope,VLA_SM.part_scope_02_lens_02,,ADS ++Zoom,,
Vladof,SMG,31,Scope Accessory,VLA_SM.part_scope_acc_s01_l01_a,,+Damage,Added something to left side,
Vladof,SMG,32,Scope Accessory,VLA_SM.part_scope_acc_s01_l01_b,,-Reload Speed,Mag Counter,
Vladof,SMG,33,Scope Accessory,VLA_SM.part_scope_acc_s02_l01_a,,No Stat Changes,HUD Elements,
Vladof,SMG,34,Scope Accessory,VLA_SM.part_scope_acc_s02_l01_b,,+Ammo,"Mag Counter, Distance, Compass",
Vladof,SMG,35,Scope Accessory,VLA_SM.part_scope_acc_s01_l02_a,,+Damage,Mag Counter,
Vladof,SMG,36,Scope Accessory,VLA_SM.part_scope_acc_s01_l02_b,,-Reload Speed,HUD Elements,
Vladof,SMG,37,Scope Accessory,VLA_SM.part_scope_acc_s02_l02_a,,No Stat Changes,HUD Elements,
Vladof,SMG,38,Scope Accessory,VLA_SM.part_scope_acc_s02_l02_b,,+Ammo,Compass,
Vladof,SMG,40,Grip,VLA_SM.part_grip_05c_ted_jav,,"Tediore reload modifier: Javelin, no stat changes",,
Vladof,SMG,41,Grip,VLA_SM.part_grip_05b_ted_homing,,"Tediore reload modifier: Homing, no stat changes",,
Vladof,SMG,42,Grip,VLA_SM.part_grip_05a_ted_legs,,"Tediore reload modifier: Legs, no stat changes",,
Vladof,SMG,43,Grip,VLA_SM.part_grip_04_hyp,,"Hyperion Grip, -Acc, Acc increases with continuous fire",,
Vladof,SMG,44,Grip,VLA_SM.part_grip_01,,+Damage,,
Vladof,SMG,45,Grip,VLA_SM.part_grip_02,,+Fire Rate,,
Vladof,SMG,46,Grip,VLA_SM.part_grip_03,,-Reload Speed,,
Vladof,SMG,47,Underbarrel,VLA_SM.part_underbarrel_05_ammoswitcher,,"Underbarrel switch, no effects",Used for Daedalus Ammo switch,
Vladof,SMG,48,Underbarrel,VLA_SM.part_underbarrel_04_atlas_ball,,Atlas Tracker Grenades,,
Vladof,SMG,49,Underbarrel,VLA_SM.part_underbarrel_06_malswitch,,"Underbarrel switch, no effects",Used for Maliwan elemental switch,
Vladof,SMG,50,Underbarrel,VLA_SM.part_underbarrel_01_microrockets,,Alt Fire - Zip Rockets,,
Vladof,SMG,51,Underbarrel,VLA_SM.part_underbarrel_02_taser,,Alt Fire - Taser,,
Vladof,SMG,52,Underbarrel,VLA_SM.part_underbarrel_03_flamethrower,,Alt Fire - Flamethrower,,
Vladof,SMG,53,Underbarrel,VLA_SM.part_underbarrel_07_secondbarrel,,Alt Fire - Extra Barrel,Secondary Barrel increases Fire Rate by 75%,
Vladof,SMG,54,Underbarrel,VLA_SM.part_underbarrel_04_atlas,,Atlas Tracker Darts,,
Vladof,SMG,55,Underbarrel Accessory,VLA_SM.part_underbarrel_microrockets_acc,,"Visual Change, No Stat Changes",,
Vladof,SMG,56,Underbarrel Accessory,VLA_SM.part_underbarrel_taser_acc,,Increase Taser Damage,,
Vladof,SMG,57,Underbarrel Accessory,VLA_SM.part_underbarrel_flamethrower_acc,,Increase Flamethrower Damage,,
Vladof,SMG,58,Underbarrel Accessory,VLA_SM.part_underbarrel_secondbarrel_acc,,"Visual Change, No Stat Changes",,
Vladof,SMG,59,Foregrip,VLA_SM.part_foregrip_01,,+Damage,,
Vladof,SMG,60,Foregrip,VLA_SM.part_foregrip_02,,+Fire Rate,,
Vladof,SMG,61,Foregrip,VLA_SM.part_foregrip_03,,+Accuracy,,
Vladof,SMG,62,Manufacturer Part,VLA_SM.part_secondary_ammo_ps,,Daedalus Pistol Ammo,,
Vladof,SMG,63,Manufacturer Part,VLA_SM.part_secondary_ammo_sg,,Daedalus Shotgun Ammo,,
Vladof,SMG,64,Manufacturer Part,VLA_SM.part_secondary_ammo_ar,,Daedalus AR Ammo,,
Vladof,SMG,65,Manufacturer Part,VLA_SM.part_secondary_ammo_sr,,Daedalus SR Ammo,,
Vladof,SMG,66,Barrel,VLA_SM.part_barrel_01_kaoson,,"Kaoson, 402 x 2 DMG, 83% Acc, 10.5/s Fire Rate",Granted,
Vladof,SMG,68,Barrel,VLA_SM.part_barrel_01_onslaught,,"Onslaught, 357 DMG, 76% Acc, 16.0/s Fire Rate",Keep It Coming - There's a 30% Chance for every bullet fired to deal extra Damage and not consume Ammo,
Vladof,SMG,69,Barrel Accessory,VLA_SM.part_barrel_02_d_c,,+Fire Rate,,
Vladof,SMG,70,Barrel Accessory,VLA_SM.part_barrel_02_c_d,,+Fire Rate,,
Vladof,SMG,71,Manufacturer Part,VLA_SM.part_mag_torgue_sticky_beegun,,"Torgue Sticky Gyrojets, For Birt's Bees",,
Vladof,SMG,72,Barrel Accessory,VLA_SM.part_barrel_01_a,,+Damage,,
Vladof,SMG,73,Barrel Accessory,VLA_SM.part_barrel_01_b,,No Stat Changes,,
Vladof,SMG,74,Barrel Accessory,VLA_SM.part_barrel_01_c,,+Ammo,,
Vladof,SMG,75,Barrel Accessory,VLA_SM.part_barrel_01_d,,+Ammo,,
Vladof,SMG,76,Barrel Accessory,VLA_SM.part_barrel_02_a,,+Damage,,
Vladof,SMG,77,Barrel Accessory,VLA_SM.part_barrel_02_b,,+Accuracy,,
Vladof,SMG,78,Barrel Accessory,VLA_SM.part_barrel_02_c,,+Fire Rate,,
Vladof,SMG,79,Barrel Accessory,VLA_SM.part_barrel_02_d,,+Fire Rate,,
Vladof,SMG,80,Manufacturer Part,VLA_SM.part_barrel_licensed_jak,,Jakobs Ricochet,,
Vladof,SMG,81,Manufacturer Part,VLA_SM.part_barrel_licensed_ted,,"Tediore Reload, no stat changes",,
Vladof,SMG,82,Manufacturer Part,VLA_SM.part_barrel_licensed_ted_shooting,,"Tediore Shooting, no stat changes",,
Vladof,SMG,83,Manufacturer Part,VLA_SM.part_barrel_licensed_ted_mirv,,"Tediore MIRV, no stat changes",,
Vladof,SMG,84,Manufacturer Part,VLA_SM.part_barrel_licensed_ted_combo,,"Tediore Combo, no stat changes",,
Vladof,SMG,85,Manufacturer Part,VLA_SM.part_barrel_licensed_hyp,,"Hyperion Shield visual accessory, no stat changes",,
Vladof,SMG,86,Manufacturer Part,VLA_SM.part_mag_torgue_normal_beegun,,"Torgue Impact Gyrojets, For Birt's Bees",,
Vladof,SMG,87,Barrel,VLA_SM.part_barrel_beegun,,"Birt's Bees, 528 DMG, 73% Acc, 12.4/s Fire Rate",Hivemind,
Vladof,Sniper,1,Barrel,VLA_SR.part_barrel_02_finnty,,"Finnity XXX-L, 937 DMG, 94% Acc, 13.0/s FR, 50% Crit DMG",Pipin' Hot Barrels - Does not consume Ammo while Overheating,
Vladof,Sniper,2,Body,VLA_SR.part_body,,"No stat changes, always present",,
Vladof,Sniper,3,Body Accessory,VLA_SR.part_body_d,,No Stat Changes,,
Vladof,Sniper,4,Body Accessory,VLA_SR.part_body_a,,-Reload Speed,,
Vladof,Sniper,5,Body Accessory,VLA_SR.part_body_b,,+Ammo,,
Vladof,Sniper,6,Body Accessory,VLA_SR.part_body_c,,+Accuracy,,
Vladof,Sniper,7,Barrel,VLA_SR.part_barrel_01,,"Ragoon Barrel, 1359 DMG, 87% ACC, 4.0/s FR, 50% Crit DMG",,
Vladof,Sniper,8,Barrel,VLA_SR.part_barrel_02,,"Vyudazy Barrel, 1780 DMG, 87% ACC, 2.5/s FR, 50% Crit DMG",,
Vladof,Sniper,9,Manufacturer Part,VLA_SR.part_shield_default,,Hyperion Shield,,
Vladof,Sniper,10,Manufacturer Part,VLA_SR.part_shield_ricochet,,Hyperion Ricochet Shield,,
Vladof,Sniper,11,Manufacturer Part,VLA_SR.part_shield_ammo,,Hyperion Absorb Shield,,
Vladof,Sniper,12,Manufacturer Part,VLA_SR.part_shield_amp,,Hyperion Amp Shield,,
Vladof,Sniper,13,Magazine,VLA_SR.part_mag_01,,"3.0s Reload, 12 Shots",,
Vladof,Sniper,14,Magazine,VLA_SR.part_mag_02,,"3.6s Reload, 15 Shots",,
Vladof,Sniper,15,Magazine,VLA_SR.part_mag_03_tor,,"2.9s Reload, 9 Shots",,
Vladof,Sniper,16,Magazine,VLA_SR.part_mag_04_cov,,"4.3s Reload, 14 Shots",,
Vladof,Sniper,17,Magazine,VLA_SR.part_mag_05_borg,,"3.6s Reload, 18 Shots",,
Vladof,Sniper,18,Manufacturer Part,VLA_SR.part_mag_torgue_normal,,Torgue Impact Gyrojets,,
Vladof,Sniper,19,Manufacturer Part,VLA_SR.part_mag_torgue_sticky,,Torgue Sticky Gyrojets,,
Vladof,Sniper,20,Stat Modifier,VLA_SR.part_mag_ted_thrown_01,,2.0s Reload,,
Vladof,Sniper,21,Stat Modifier,VLA_SR.part_mag_ted_thrown_02,,2.0s Reload,,
Vladof,Sniper,22,Stat Modifier,VLA_SR.part_mag_ted_thrown_03_tor,,2.0s Reload,,
Vladof,Sniper,23,Stat Modifier,VLA_SR.part_mag_ted_thrown_04_cov,,3.0s Reload,,
Vladof,Sniper,24,Stat Modifier,VLA_SR.part_mag_ted_thrown_05_bor,,3.0s Reload,,
Vladof,Sniper,25,Manufacturer Part,VLA_SR.part_barrel_licensed_jak,,Jakobs Ricochet,,
Vladof,Sniper,26,Scope,VLA_SR.part_scope_ironsight,,ADS +Zoom,,
Vladof,Sniper,27,Scope,VLA_SR.part_scope_01_lens_01,,ADS ++Zoom,,
Vladof,Sniper,28,Scope,VLA_SR.part_scope_01_lens_02,,ADS ++Zoom,,
Vladof,Sniper,29,Scope,VLA_SR.part_scope_02_lens_01,,ADS +++Zoom,,
Vladof,Sniper,30,Scope,VLA_SR.part_scope_02_lens_02,,ADS +++Zoom,,
Vladof,Sniper,31,Scope Accessory,VLA_SR.part_scope_acc_s01_l01_a,,+Damage,Bullet Drop Gauge,
Vladof,Sniper,32,Scope Accessory,VLA_SR.part_scope_acc_s01_l01_b,,-Reload Speed,HUD Elements,
Vladof,Sniper,33,Scope Accessory,VLA_SR.part_scope_acc_s02_l01_a,,No Stat Changes,Bullet Drop Gauge,
Vladof,Sniper,34,Scope Accessory,VLA_SR.part_scope_acc_s02_l01_b,,+Ammo,HUD Elements,
Vladof,Sniper,35,Scope Accessory,VLA_SR.part_scope_acc_s01_l02_a,,+Damage,HUD Elements,
Vladof,Sniper,36,Scope Accessory,VLA_SR.part_scope_acc_s01_l02_b,,-Reload Speed,"Distance, Compass",
Vladof,Sniper,37,Scope Accessory,VLA_SR.part_scope_acc_s02_l02_a,,No Stat Changes,Bullet Drop Gauge,
Vladof,Sniper,38,Scope Accessory,VLA_SR.part_scope_acc_s02_l02_b,,+Ammo,"Distance, Compass",
Vladof,Sniper,39,Grip,VLA_SR.part_grip_05b_ted_homing,,"Tediore reload modifier: Homing, no stat changes",,
Vladof,Sniper,40,Grip,VLA_SR.part_grip_05a_ted_legs,,"Tediore reload modifier: Legs, no stat changes",,
Vladof,Sniper,41,Grip,VLA_SR.part_grip_04_hyp,,"Hyperion Grip, -Acc, Acc increases with continuous fire",,
Vladof,Sniper,42,Grip,VLA_SR.part_grip_01,,+Damage,,
Vladof,Sniper,43,Grip,VLA_SR.part_grip_02,,+Fire Rate,,
Vladof,Sniper,44,Grip,VLA_SR.part_grip_03,,-Reload Speed,,
Vladof,Sniper,45,Underbarrel,VLA_SR.part_underbarrel_06_malswitch,,"Underbarrel switch, no effects",Used for Maliwan elemental switch,
Vladof,Sniper,46,Underbarrel,VLA_SR.part_underbarrel_05_ammoswitcher,,"Underbarrel switch, no effects",Used for Daedalus Ammo switch,
Vladof,Sniper,47,Underbarrel,VLA_SR.part_underbarrel_04_atlas_ball,,Atlas Tracker Grenades,,
Vladof,Sniper,48,Underbarrel,VLA_SR.part_underbarrel_02_rocket,,Alt Fire - Big Rocket,,
Vladof,Sniper,49,Underbarrel,VLA_SR.part_underbarrel_07_secondbarrel,,Alt Fire - Extra Barrel,"Enables a Third Barrel, increasing Fire Rate",
Vladof,Sniper,50,Underbarrel,VLA_SR.part_underbarrel_03_bipod,,Alt Fire - Bipod,"Enabling the Bipod increases Accuracy by 75%, but decreases Movement Speed by -50%",
Vladof,Sniper,51,Underbarrel,VLA_SR.part_underbarrel_04_atlas,,Atlas Tracker Darts,,
Vladof,Sniper,52,Underbarrel,VLA_SR.part_underbarrel_01_shotgun,,Alt Fire - Shotgun,,
Vladof,Sniper,53,Underbarrel Accessory,VLA_SR.part_underbarrel_shotgun_acc,,Increases Shotgun DMG,,
Vladof,Sniper,54,Underbarrel Accessory,VLA_SR.part_underbarrel_rocket_acc,,Increases Big Rocket DMG,,
Vladof,Sniper,55,Underbarrel Accessory,VLA_SR.part_underbarrel_bipod_acc,,Alt Fire - Motile Bipod,"Enabling the Bipod increases Accuracy by 75%, USE WITH 50???",
Vladof,Sniper,56,Underbarrel Accessory,VLA_SR.part_underbarrel_secondbarrel_acc_a,,No Stat Changes,,
Vladof,Sniper,57,Underbarrel Accessory,VLA_SR.part_underbarrel_secondbarrel_acc_b,,+Ammo,,
Vladof,Sniper,58,Underbarrel Accessory,VLA_SR.part_underbarrel_secondbarrel_acc_c,,No Stat Changes,,
Vladof,Sniper,59,Foregrip,VLA_SR.part_foregrip_01,,+Damage,,
Vladof,Sniper,60,Foregrip,VLA_SR.part_foregrip_02,,+Fire Rate,,
Vladof,Sniper,61,Foregrip,VLA_SR.part_foregrip_03,,+Accuracy,,
Vladof,Sniper,62,Manufacturer Part,VLA_SR.part_secondary_ammo_smg,,Daedalus SMG Ammo,,
Vladof,Sniper,63,Manufacturer Part,VLA_SR.part_secondary_ammo_sg,,Daedalus Shotgun Ammo,,
Vladof,Sniper,64,Manufacturer Part,VLA_SR.part_secondary_ammo_ar,,Daedalus AR Ammo,,
Vladof,Sniper,65,Manufacturer Part,VLA_SR.part_secondary_ammo_ps,,Daedalus Pistol Ammo,,
Vladof,Sniper,68,Barrel,VLA_SR.part_barrel_crowdsourced,,"Midnight Defiance, 1359 DMG, 87% Acc, 4.0/s Reload, 50% Crit DMG","Crowd Sourced - On hit, additional Projectiles spawn from nearby enemies",
Vladof,Sniper,71,Grip,VLA_SR.part_grip_04_hyp_finnty,,Changed to Upgraded Finnity XXX-L,,
Vladof,Sniper,72,Barrel,VLA_SR.part_barrel_01_stopgap,,"Stop Gap, 1265 DMG, 87% Acc, 4.4/s Reload, 50% Crit DMG","Reconfigure - When firing, Fire Rate decreases down to 20%, but Damage increases up to 750%",
Vladof,Sniper,73,Barrel Accessory,VLA_SR.part_barrel_01_a,,+Damage,,
Vladof,Sniper,74,Barrel Accessory,VLA_SR.part_barrel_01_b,,+Crit Damage,,
Vladof,Sniper,75,Barrel Accessory,VLA_SR.part_barrel_01_c,,+Ammo,,
Vladof,Sniper,76,Barrel Accessory,VLA_SR.part_barrel_01_d,,+Ammo,,
Vladof,Sniper,77,Barrel Accessory,VLA_SR.part_barrel_02_a,,+Damage,,
Vladof,Sniper,78,Barrel Accessory,VLA_SR.part_barrel_02_b,,No Stat Changes,,
Vladof,Sniper,79,Barrel Accessory,VLA_SR.part_barrel_02_c,,+Fire Rate,,
Vladof,Sniper,80,Barrel Accessory,VLA_SR.part_barrel_02_d,,+Fire Rate,,
Vladof,Sniper,81,Manufacturer Part,VLA_SR.part_barrel_licensed_ted,,"Tediore Reload, no stat changes",,
Vladof,Sniper,82,Manufacturer Part,VLA_SR.part_barrel_licensed_ted_shooting,,"Tediore Shooting, no stat changes",,
Vladof,Sniper,83,Manufacturer Part,VLA_SR.part_barrel_licensed_ted_combo,,"Tediore Combo, no stat changes",,
Vladof,Sniper,84,Manufacturer Part,VLA_SR.part_barrel_licensed_ted_mirv,,"Tediore MIRV, no stat changes",,
Vladof,Sniper,85,Manufacturer Part,VLA_SR.part_barrel_licensed_hyp,,"Hyperion Shield visual accessory, no stat changes",,
Vladof,Sniper,86,Grip,VLA_SR.part_grip_05c_ted_jav,,"Tediore reload modifier: Javelin, no stat changes",,